nohup: ignoring input
Model: Qwen/Qwen3.5-4B
Physical GPUs: 4,7
Fitting prompts: 1000
Loading WikiText prompts once in the parent process
Warning: You are sending unauthenticated requests to the HF Hub. Please set a HF_TOKEN to enable higher rate limits and faster downloads.
[worker 1/2, physical GPU 4] CUDA device: NVIDIA A100 80GB PCIe
[worker 1/2, physical GPU 4] prompts [0, 500) (500 sequences)
[worker 1/2, physical GPU 4] checkpoint: /bigdata/siyan/jacobian-lens/outputs/qwen35_4b_multigpu_checkpoint.part01-of-02.prompts0000-0500.gpu4.pt
[worker 2/2, physical GPU 7] CUDA device: NVIDIA A100 80GB PCIe
[worker 2/2, physical GPU 7] prompts [500, 1000) (500 sequences)
[worker 2/2, physical GPU 7] checkpoint: /bigdata/siyan/jacobian-lens/outputs/qwen35_4b_multigpu_checkpoint.part02-of-02.prompts0500-1000.gpu7.pt
Warning: You are sending unauthenticated requests to the HF Hub. Please set a HF_TOKEN to enable higher rate limits and faster downloads.
Warning: You are sending unauthenticated requests to the HF Hub. Please set a HF_TOKEN to enable higher rate limits and faster downloads.
Fetching 2 files:   0%|          | 0/2 [00:00<?, ?it/s]Fetching 2 files: 100%|██████████| 2/2 [00:00<00:00, 795.13it/s]
[transformers] The fast path is not available because one of the required library is not installed. Falling back to torch implementation. To install follow https://github.com/fla-org/flash-linear-attention#installation and https://github.com/Dao-AILab/causal-conv1d
Fetching 2 files:   0%|          | 0/2 [00:00<?, ?it/s]Fetching 2 files: 100%|██████████| 2/2 [00:00<00:00, 43919.41it/s]
[transformers] The fast path is not available because one of the required library is not installed. Falling back to torch implementation. To install follow https://github.com/fla-org/flash-linear-attention#installation and https://github.com/Dao-AILab/causal-conv1d
Loading weights:   0%|          | 0/426 [00:00<?, ?it/s]Loading weights: 100%|██████████| 426/426 [00:00<00:00, 7986.97it/s]
Loading weights:   0%|          | 0/426 [00:00<?, ?it/s]Loading weights: 100%|██████████| 426/426 [00:00<00:00, 4955.14it/s]
[jlens-gpu-4      6s +  6.28s] fit: n_layers=32 d_model=2560, fitting 31 source layers (target=L31) on 500 prompts
[jlens-gpu-7      6s +  6.45s] fit: n_layers=32 d_model=2560, fitting 31 source layers (target=L31) on 500 prompts
/bigdata/siyan/miniconda3/envs/jlens/lib/python3.11/site-packages/torch/autograd/graph.py:823: UserWarning: Attempting to run cuBLAS, but there was no current CUDA context! Attempting to set the primary context... (Triggered internally at /pytorch/aten/src/ATen/cuda/CublasHandlePool.cpp:180.)
  return Variable._execution_engine.run_backward(  # Calls into the C++ engine to run the backward pass
/bigdata/siyan/miniconda3/envs/jlens/lib/python3.11/site-packages/torch/autograd/graph.py:823: UserWarning: Attempting to run cuBLAS, but there was no current CUDA context! Attempting to set the primary context... (Triggered internally at /pytorch/aten/src/ATen/cuda/CublasHandlePool.cpp:180.)
  return Variable._execution_engine.run_backward(  # Calls into the C++ engine to run the backward pass
[jlens-gpu-4   3m08s +181.74s]   prompt 1/500  seq_len=128 n_valid=111  181s  max||J||/sqrt(d)=6.342  max_d_mean=nan
[jlens-gpu-7   3m09s +183.51s]   prompt 1/500  seq_len=128 n_valid=111  182s  max||J||/sqrt(d)=9.043  max_d_mean=nan
[jlens-gpu-4   6m03s +175.44s]   prompt 2/500  seq_len=128 n_valid=111  175s  max||J||/sqrt(d)=4.790  max_d_mean=5.65e-01
[jlens-gpu-7   6m06s +176.14s]   prompt 2/500  seq_len=128 n_valid=111  176s  max||J||/sqrt(d)=6.056  max_d_mean=5.91e-01
[jlens-gpu-7   9m01s +175.31s]   prompt 3/500  seq_len=128 n_valid=111  175s  max||J||/sqrt(d)=6.041  max_d_mean=4.32e-01
[jlens-gpu-4   9m02s +178.63s]   prompt 3/500  seq_len=128 n_valid=111  179s  max||J||/sqrt(d)=6.383  max_d_mean=5.24e-01
[jlens-gpu-7  11m51s +169.89s]   prompt 4/500  seq_len=128 n_valid=111  170s  max||J||/sqrt(d)=3.891  max_d_mean=2.83e-01
[jlens-gpu-4  11m53s +171.77s]   prompt 4/500  seq_len=128 n_valid=111  172s  max||J||/sqrt(d)=3.299  max_d_mean=2.82e-01
[jlens-gpu-7  14m37s +166.29s]   prompt 5/500  seq_len=118 n_valid=101  166s  max||J||/sqrt(d)=4.529  max_d_mean=2.64e-01
[jlens-gpu-4  14m46s +172.74s]   prompt 5/500  seq_len=128 n_valid=111  173s  max||J||/sqrt(d)=4.251  max_d_mean=2.67e-01
[jlens-gpu-7  17m16s +158.52s]   prompt 6/500  seq_len=128 n_valid=111  159s  max||J||/sqrt(d)=6.153  max_d_mean=2.96e-01
[jlens-gpu-4  17m28s +162.24s]   prompt 6/500  seq_len=128 n_valid=111  162s  max||J||/sqrt(d)=5.825  max_d_mean=2.99e-01
[jlens-gpu-7  20m31s +195.40s]   prompt 7/500  seq_len=128 n_valid=111  195s  max||J||/sqrt(d)=5.687  max_d_mean=2.31e-01
[jlens-gpu-4  20m59s +210.51s]   prompt 7/500  seq_len=128 n_valid=111  211s  max||J||/sqrt(d)=41.010  max_d_mean=1.92e+00
[jlens-gpu-7  23m23s +172.46s]   prompt 8/500  seq_len=128 n_valid=111  172s  max||J||/sqrt(d)=4.551  max_d_mean=1.65e-01
[jlens-gpu-4  23m49s +170.51s]   prompt 8/500  seq_len=128 n_valid=111  171s  max||J||/sqrt(d)=7.852  max_d_mean=1.87e-01
[jlens-gpu-7  25m51s +147.90s]   prompt 9/500  seq_len=128 n_valid=111  148s  max||J||/sqrt(d)=4.165  max_d_mean=1.46e-01
[jlens-gpu-4  26m17s +147.50s]   prompt 9/500  seq_len=128 n_valid=111  148s  max||J||/sqrt(d)=5.183  max_d_mean=1.24e-01
[jlens-gpu-7  29m17s +205.60s]   prompt 10/500  seq_len=128 n_valid=111  206s  max||J||/sqrt(d)=5.640  max_d_mean=1.73e-01
[jlens-gpu-4  29m52s +215.50s]   prompt 10/500  seq_len=128 n_valid=111  216s  max||J||/sqrt(d)=5.483  max_d_mean=1.24e-01
[jlens-gpu-7  32m18s +180.68s]   prompt 11/500  seq_len=128 n_valid=111  180s  max||J||/sqrt(d)=5.539  max_d_mean=1.59e-01
[jlens-gpu-4  33m02s +189.98s]   prompt 11/500  seq_len=128 n_valid=111  189s  max||J||/sqrt(d)=3.242  max_d_mean=9.50e-02
[jlens-gpu-7  35m06s +168.55s]   prompt 12/500  seq_len=128 n_valid=111  169s  max||J||/sqrt(d)=4.186  max_d_mean=1.16e-01
[jlens-gpu-4  35m43s +160.74s]   prompt 12/500  seq_len=128 n_valid=111  161s  max||J||/sqrt(d)=4.151  max_d_mean=9.42e-02
[jlens-gpu-7  38m10s +183.56s]   prompt 13/500  seq_len=128 n_valid=111  184s  max||J||/sqrt(d)=4.687  max_d_mean=1.13e-01
[jlens-gpu-4  39m20s +216.91s]   prompt 13/500  seq_len=128 n_valid=111  217s  max||J||/sqrt(d)=4.237  max_d_mean=9.29e-02
[jlens-gpu-7  41m19s +189.05s]   prompt 14/500  seq_len=128 n_valid=111  189s  max||J||/sqrt(d)=6.460  max_d_mean=1.46e-01
[jlens-gpu-4  42m17s +177.38s]   prompt 14/500  seq_len=128 n_valid=111  177s  max||J||/sqrt(d)=4.533  max_d_mean=8.58e-02
[jlens-gpu-7  44m18s +179.06s]   prompt 15/500  seq_len=128 n_valid=111  179s  max||J||/sqrt(d)=4.554  max_d_mean=1.02e-01
[jlens-gpu-4  45m14s +176.95s]   prompt 15/500  seq_len=128 n_valid=111  177s  max||J||/sqrt(d)=6.292  max_d_mean=1.15e-01
[jlens-gpu-7  47m10s +172.36s]   prompt 16/500  seq_len=128 n_valid=111  172s  max||J||/sqrt(d)=5.010  max_d_mean=1.03e-01
[jlens-gpu-4  47m58s +163.80s]   prompt 16/500  seq_len=128 n_valid=111  164s  max||J||/sqrt(d)=4.326  max_d_mean=8.38e-02
[jlens-gpu-7  49m28s +138.08s]   prompt 17/500  seq_len=128 n_valid=111  138s  max||J||/sqrt(d)=5.358  max_d_mean=1.06e-01
[jlens-gpu-4  50m20s +142.20s]   prompt 17/500  seq_len=128 n_valid=111  142s  max||J||/sqrt(d)=3.332  max_d_mean=6.79e-02
[jlens-gpu-7  51m54s +145.64s]   prompt 18/500  seq_len=128 n_valid=111  146s  max||J||/sqrt(d)=3.850  max_d_mean=7.54e-02
[jlens-gpu-4  52m58s +157.80s]   prompt 18/500  seq_len=128 n_valid=111  158s  max||J||/sqrt(d)=5.728  max_d_mean=9.22e-02
[jlens-gpu-7  54m40s +166.34s]   prompt 19/500  seq_len=128 n_valid=111  166s  max||J||/sqrt(d)=3.751  max_d_mean=6.71e-02
[jlens-gpu-4  55m43s +164.68s]   prompt 19/500  seq_len=128 n_valid=111  165s  max||J||/sqrt(d)=9.957  max_d_mean=1.65e-01
[jlens-gpu-7  57m21s +160.73s]   prompt 20/500  seq_len=128 n_valid=111  161s  max||J||/sqrt(d)=11.103  max_d_mean=2.05e-01
[jlens-gpu-4  58m27s +164.03s]   prompt 20/500  seq_len=128 n_valid=111  164s  max||J||/sqrt(d)=8.018  max_d_mean=1.20e-01
[jlens-gpu-7   1h00m +164.29s]   prompt 21/500  seq_len=128 n_valid=111  163s  max||J||/sqrt(d)=5.349  max_d_mean=9.14e-02
[jlens-gpu-4   1h01m +161.93s]   prompt 21/500  seq_len=128 n_valid=111  161s  max||J||/sqrt(d)=5.374  max_d_mean=8.42e-02
[jlens-gpu-7   1h02m +156.69s]   prompt 22/500  seq_len=128 n_valid=111  157s  max||J||/sqrt(d)=8.453  max_d_mean=1.41e-01
[jlens-gpu-4   1h03m +159.60s]   prompt 22/500  seq_len=128 n_valid=111  160s  max||J||/sqrt(d)=4.347  max_d_mean=6.81e-02
[jlens-gpu-7   1h05m +152.86s]   prompt 23/500  seq_len=128 n_valid=111  153s  max||J||/sqrt(d)=7.157  max_d_mean=1.10e-01
[jlens-gpu-4   1h06m +152.33s]   prompt 23/500  seq_len=128 n_valid=111  152s  max||J||/sqrt(d)=5.274  max_d_mean=7.32e-02
[jlens-gpu-7   1h07m +153.81s]   prompt 24/500  seq_len=128 n_valid=111  154s  max||J||/sqrt(d)=4.136  max_d_mean=6.12e-02
[jlens-gpu-4   1h08m +152.75s]   prompt 24/500  seq_len=128 n_valid=111  153s  max||J||/sqrt(d)=7.727  max_d_mean=1.05e-01
[jlens-gpu-7   1h10m +155.08s]   prompt 25/500  seq_len=128 n_valid=111  155s  max||J||/sqrt(d)=3.464  max_d_mean=5.52e-02
[jlens-gpu-4   1h11m +157.89s]   prompt 25/500  seq_len=128 n_valid=111  158s  max||J||/sqrt(d)=5.214  max_d_mean=6.91e-02
[jlens-gpu-7   1h12m +152.14s]   prompt 26/500  seq_len=128 n_valid=111  152s  max||J||/sqrt(d)=4.715  max_d_mean=6.79e-02
[jlens-gpu-4   1h14m +157.13s]   prompt 26/500  seq_len=128 n_valid=111  157s  max||J||/sqrt(d)=3.644  max_d_mean=4.59e-02
[jlens-gpu-7   1h15m +151.99s]   prompt 27/500  seq_len=128 n_valid=111  152s  max||J||/sqrt(d)=4.686  max_d_mean=6.37e-02
[jlens-gpu-4   1h16m +143.77s]   prompt 27/500  seq_len=128 n_valid=111  144s  max||J||/sqrt(d)=5.947  max_d_mean=7.46e-02
[jlens-gpu-7   1h17m +146.26s]   prompt 28/500  seq_len=128 n_valid=111  146s  max||J||/sqrt(d)=4.738  max_d_mean=6.43e-02
[jlens-gpu-4   1h19m +153.57s]   prompt 28/500  seq_len=128 n_valid=111  154s  max||J||/sqrt(d)=5.530  max_d_mean=6.58e-02
[jlens-gpu-7   1h20m +148.26s]   prompt 29/500  seq_len=128 n_valid=111  148s  max||J||/sqrt(d)=10.779  max_d_mean=1.46e-01
[jlens-gpu-4   1h21m +155.90s]   prompt 29/500  seq_len=128 n_valid=111  156s  max||J||/sqrt(d)=4.852  max_d_mean=5.29e-02
[jlens-gpu-7   1h22m +152.37s]   prompt 30/500  seq_len=128 n_valid=111  152s  max||J||/sqrt(d)=4.324  max_d_mean=5.41e-02
[jlens-gpu-4   1h24m +153.69s]   prompt 30/500  seq_len=128 n_valid=111  154s  max||J||/sqrt(d)=5.547  max_d_mean=6.49e-02
[jlens-gpu-7   1h25m +152.63s]   prompt 31/500  seq_len=128 n_valid=111  152s  max||J||/sqrt(d)=4.370  max_d_mean=5.40e-02
[jlens-gpu-4   1h26m +146.41s]   prompt 31/500  seq_len=128 n_valid=111  146s  max||J||/sqrt(d)=7.773  max_d_mean=8.70e-02
[jlens-gpu-7   1h27m +135.19s]   prompt 32/500  seq_len=128 n_valid=111  135s  max||J||/sqrt(d)=5.362  max_d_mean=6.14e-02
[jlens-gpu-4   1h28m +128.71s]   prompt 32/500  seq_len=128 n_valid=111  129s  max||J||/sqrt(d)=4.739  max_d_mean=5.07e-02
[jlens-gpu-7   1h29m +131.75s]   prompt 33/500  seq_len=128 n_valid=111  132s  max||J||/sqrt(d)=6.678  max_d_mean=7.91e-02
[jlens-gpu-4   1h31m +136.46s]   prompt 33/500  seq_len=128 n_valid=111  136s  max||J||/sqrt(d)=16.935  max_d_mean=1.86e-01
[jlens-gpu-7   1h32m +131.57s]   prompt 34/500  seq_len=128 n_valid=111  132s  max||J||/sqrt(d)=4.966  max_d_mean=5.67e-02
[jlens-gpu-4   1h33m +135.11s]   prompt 34/500  seq_len=128 n_valid=111  135s  max||J||/sqrt(d)=4.900  max_d_mean=4.90e-02
[jlens-gpu-7   1h34m +136.90s]   prompt 35/500  seq_len=128 n_valid=111  137s  max||J||/sqrt(d)=8.124  max_d_mean=9.34e-02
[jlens-gpu-4   1h35m +134.56s]   prompt 35/500  seq_len=128 n_valid=111  135s  max||J||/sqrt(d)=7.779  max_d_mean=8.11e-02
[jlens-gpu-7   1h36m +128.11s]   prompt 36/500  seq_len=128 n_valid=111  128s  max||J||/sqrt(d)=6.446  max_d_mean=7.10e-02
[jlens-gpu-4   1h37m +134.67s]   prompt 36/500  seq_len=128 n_valid=111  135s  max||J||/sqrt(d)=6.350  max_d_mean=6.45e-02
[jlens-gpu-7   1h38m +137.13s]   prompt 37/500  seq_len=128 n_valid=111  137s  max||J||/sqrt(d)=6.546  max_d_mean=7.16e-02
[jlens-gpu-4   1h40m +136.52s]   prompt 37/500  seq_len=128 n_valid=111  137s  max||J||/sqrt(d)=4.778  max_d_mean=4.71e-02
[jlens-gpu-7   1h40m +131.14s]   prompt 38/500  seq_len=128 n_valid=111  131s  max||J||/sqrt(d)=3.379  max_d_mean=3.59e-02
[jlens-gpu-4   1h42m +130.81s]   prompt 38/500  seq_len=128 n_valid=111  131s  max||J||/sqrt(d)=4.837  max_d_mean=4.82e-02
[jlens-gpu-7   1h43m +129.57s]   prompt 39/500  seq_len=128 n_valid=111  130s  max||J||/sqrt(d)=5.460  max_d_mean=5.72e-02
[jlens-gpu-4   1h44m +132.33s]   prompt 39/500  seq_len=128 n_valid=111  132s  max||J||/sqrt(d)=3.299  max_d_mean=3.37e-02
[jlens-gpu-7   1h45m +135.85s]   prompt 40/500  seq_len=128 n_valid=111  136s  max||J||/sqrt(d)=3.271  max_d_mean=3.55e-02
[jlens-gpu-4   1h46m +134.09s]   prompt 40/500  seq_len=128 n_valid=111  134s  max||J||/sqrt(d)=6.268  max_d_mean=5.79e-02
[jlens-gpu-7   1h47m +135.14s]   prompt 41/500  seq_len=128 n_valid=111  134s  max||J||/sqrt(d)=5.330  max_d_mean=5.23e-02
[jlens-gpu-4   1h48m +133.30s]   prompt 41/500  seq_len=128 n_valid=111  133s  max||J||/sqrt(d)=41.569  max_d_mean=3.94e-01
[jlens-gpu-7   1h49m +125.03s]   prompt 42/500  seq_len=128 n_valid=111  125s  max||J||/sqrt(d)=5.015  max_d_mean=4.88e-02
[jlens-gpu-4   1h51m +133.25s]   prompt 42/500  seq_len=128 n_valid=111  133s  max||J||/sqrt(d)=6.091  max_d_mean=5.09e-02
[jlens-gpu-7   1h52m +139.20s]   prompt 43/500  seq_len=128 n_valid=111  139s  max||J||/sqrt(d)=5.176  max_d_mean=5.05e-02
[jlens-gpu-4   1h53m +132.73s]   prompt 43/500  seq_len=128 n_valid=111  133s  max||J||/sqrt(d)=6.217  max_d_mean=5.02e-02
[jlens-gpu-7   1h54m +126.11s]   prompt 44/500  seq_len=128 n_valid=111  126s  max||J||/sqrt(d)=6.927  max_d_mean=6.24e-02
[jlens-gpu-4   1h55m +132.82s]   prompt 44/500  seq_len=128 n_valid=111  133s  max||J||/sqrt(d)=4.279  max_d_mean=3.65e-02
[jlens-gpu-7   1h56m +136.53s]   prompt 45/500  seq_len=128 n_valid=111  137s  max||J||/sqrt(d)=12.524  max_d_mean=1.20e-01
[jlens-gpu-4   1h57m +133.93s]   prompt 45/500  seq_len=128 n_valid=111  134s  max||J||/sqrt(d)=6.013  max_d_mean=4.70e-02
[jlens-gpu-7   1h58m +134.13s]   prompt 46/500  seq_len=128 n_valid=111  134s  max||J||/sqrt(d)=4.969  max_d_mean=4.24e-02
[jlens-gpu-4   2h00m +138.49s]   prompt 46/500  seq_len=128 n_valid=111  138s  max||J||/sqrt(d)=5.225  max_d_mean=4.17e-02
[jlens-gpu-7   2h01m +139.93s]   prompt 47/500  seq_len=128 n_valid=111  140s  max||J||/sqrt(d)=4.567  max_d_mean=3.76e-02
[jlens-gpu-4   2h02m +140.46s]   prompt 47/500  seq_len=128 n_valid=111  140s  max||J||/sqrt(d)=4.322  max_d_mean=3.35e-02
[jlens-gpu-7   2h03m +136.53s]   prompt 48/500  seq_len=128 n_valid=111  137s  max||J||/sqrt(d)=4.773  max_d_mean=3.83e-02
[jlens-gpu-4   2h04m +132.03s]   prompt 48/500  seq_len=128 n_valid=111  132s  max||J||/sqrt(d)=6.160  max_d_mean=4.72e-02
[jlens-gpu-7   2h05m +125.74s]   prompt 49/500  seq_len=128 n_valid=111  126s  max||J||/sqrt(d)=2.957  max_d_mean=2.54e-02
[jlens-gpu-4   2h07m +143.12s]   prompt 49/500  seq_len=128 n_valid=111  143s  max||J||/sqrt(d)=5.013  max_d_mean=3.75e-02
[jlens-gpu-7   2h07m +149.83s]   prompt 50/500  seq_len=128 n_valid=111  150s  max||J||/sqrt(d)=5.346  max_d_mean=4.60e-02
[jlens-gpu-4   2h09m +147.18s]   prompt 50/500  seq_len=128 n_valid=111  147s  max||J||/sqrt(d)=8.245  max_d_mean=6.34e-02
[jlens-gpu-7   2h10m +139.90s]   prompt 51/500  seq_len=128 n_valid=111  139s  max||J||/sqrt(d)=3.302  max_d_mean=2.66e-02
[jlens-gpu-4   2h11m +129.25s]   prompt 51/500  seq_len=128 n_valid=111  129s  max||J||/sqrt(d)=3.306  max_d_mean=2.58e-02
[jlens-gpu-7   2h12m +130.09s]   prompt 52/500  seq_len=128 n_valid=111  130s  max||J||/sqrt(d)=4.543  max_d_mean=3.87e-02
[jlens-gpu-4   2h14m +140.58s]   prompt 52/500  seq_len=128 n_valid=111  141s  max||J||/sqrt(d)=6.976  max_d_mean=5.08e-02
[jlens-gpu-7   2h14m +138.11s]   prompt 53/500  seq_len=128 n_valid=111  138s  max||J||/sqrt(d)=4.896  max_d_mean=3.73e-02
[jlens-gpu-4   2h16m +131.88s]   prompt 53/500  seq_len=128 n_valid=111  132s  max||J||/sqrt(d)=4.437  max_d_mean=3.16e-02
[jlens-gpu-7   2h16m +137.86s]   prompt 54/500  seq_len=128 n_valid=111  138s  max||J||/sqrt(d)=4.601  max_d_mean=3.60e-02
[jlens-gpu-4   2h18m +132.93s]   prompt 54/500  seq_len=128 n_valid=111  133s  max||J||/sqrt(d)=3.562  max_d_mean=2.48e-02
[jlens-gpu-7   2h19m +125.75s]   prompt 55/500  seq_len=128 n_valid=111  126s  max||J||/sqrt(d)=4.038  max_d_mean=3.07e-02
[jlens-gpu-4   2h20m +140.04s]   prompt 55/500  seq_len=128 n_valid=111  140s  max||J||/sqrt(d)=5.573  max_d_mean=3.79e-02
[jlens-gpu-7   2h21m +144.10s]   prompt 56/500  seq_len=128 n_valid=111  144s  max||J||/sqrt(d)=3.192  max_d_mean=2.45e-02
[jlens-gpu-4   2h23m +132.95s]   prompt 56/500  seq_len=128 n_valid=111  133s  max||J||/sqrt(d)=3.940  max_d_mean=2.70e-02
[jlens-gpu-7   2h23m +128.36s]   prompt 57/500  seq_len=128 n_valid=111  128s  max||J||/sqrt(d)=3.502  max_d_mean=2.66e-02
[jlens-gpu-4   2h25m +142.08s]   prompt 57/500  seq_len=128 n_valid=111  142s  max||J||/sqrt(d)=4.065  max_d_mean=2.61e-02
[jlens-gpu-7   2h25m +140.37s]   prompt 58/500  seq_len=128 n_valid=111  140s  max||J||/sqrt(d)=5.262  max_d_mean=3.76e-02
[jlens-gpu-4   2h27m +143.03s]   prompt 58/500  seq_len=128 n_valid=111  143s  max||J||/sqrt(d)=8.328  max_d_mean=5.72e-02
[jlens-gpu-7   2h28m +145.89s]   prompt 59/500  seq_len=128 n_valid=111  146s  max||J||/sqrt(d)=4.357  max_d_mean=3.16e-02
[jlens-gpu-4   2h29m +130.26s]   prompt 59/500  seq_len=128 n_valid=111  130s  max||J||/sqrt(d)=5.237  max_d_mean=3.82e-02
[jlens-gpu-7   2h30m +125.91s]   prompt 60/500  seq_len=128 n_valid=111  126s  max||J||/sqrt(d)=6.558  max_d_mean=4.87e-02
[jlens-gpu-4   2h32m +136.65s]   prompt 60/500  seq_len=128 n_valid=111  137s  max||J||/sqrt(d)=5.900  max_d_mean=3.84e-02
[jlens-gpu-7   2h32m +139.95s]   prompt 61/500  seq_len=128 n_valid=111  139s  max||J||/sqrt(d)=6.502  max_d_mean=4.66e-02
[jlens-gpu-4   2h34m +145.80s]   prompt 61/500  seq_len=128 n_valid=111  145s  max||J||/sqrt(d)=5.527  max_d_mean=3.36e-02
[jlens-gpu-7   2h35m +144.20s]   prompt 62/500  seq_len=128 n_valid=111  144s  max||J||/sqrt(d)=2.842  max_d_mean=2.11e-02
[jlens-gpu-4   2h36m +140.14s]   prompt 62/500  seq_len=128 n_valid=111  140s  max||J||/sqrt(d)=8.574  max_d_mean=5.49e-02
[jlens-gpu-7   2h37m +140.20s]   prompt 63/500  seq_len=128 n_valid=111  140s  max||J||/sqrt(d)=5.122  max_d_mean=3.52e-02
[jlens-gpu-4   2h39m +144.56s]   prompt 63/500  seq_len=128 n_valid=111  145s  max||J||/sqrt(d)=4.613  max_d_mean=2.88e-02
[jlens-gpu-7   2h39m +141.62s]   prompt 64/500  seq_len=128 n_valid=111  142s  max||J||/sqrt(d)=8.441  max_d_mean=6.00e-02
[jlens-gpu-4   2h41m +127.82s]   prompt 64/500  seq_len=128 n_valid=111  128s  max||J||/sqrt(d)=4.277  max_d_mean=2.52e-02
[jlens-gpu-7   2h42m +126.41s]   prompt 65/500  seq_len=128 n_valid=111  126s  max||J||/sqrt(d)=4.384  max_d_mean=2.96e-02
[jlens-gpu-4   2h43m +126.96s]   prompt 65/500  seq_len=128 n_valid=111  127s  max||J||/sqrt(d)=16.317  max_d_mean=1.04e-01
[jlens-gpu-7   2h44m +131.50s]   prompt 66/500  seq_len=128 n_valid=111  132s  max||J||/sqrt(d)=4.279  max_d_mean=2.92e-02
[jlens-gpu-4   2h45m +134.87s]   prompt 66/500  seq_len=128 n_valid=111  135s  max||J||/sqrt(d)=14.664  max_d_mean=9.00e-02
[jlens-gpu-7   2h46m +128.43s]   prompt 67/500  seq_len=128 n_valid=111  128s  max||J||/sqrt(d)=4.971  max_d_mean=3.28e-02
[jlens-gpu-4   2h48m +143.44s]   prompt 67/500  seq_len=128 n_valid=111  143s  max||J||/sqrt(d)=3.845  max_d_mean=2.25e-02
[jlens-gpu-7   2h48m +148.52s]   prompt 68/500  seq_len=128 n_valid=111  149s  max||J||/sqrt(d)=6.316  max_d_mean=4.09e-02
[jlens-gpu-4   2h50m +132.14s]   prompt 68/500  seq_len=128 n_valid=111  132s  max||J||/sqrt(d)=4.480  max_d_mean=2.55e-02
[jlens-gpu-7   2h51m +132.24s]   prompt 69/500  seq_len=128 n_valid=111  132s  max||J||/sqrt(d)=6.644  max_d_mean=4.17e-02
[jlens-gpu-4   2h52m +136.74s]   prompt 69/500  seq_len=128 n_valid=111  137s  max||J||/sqrt(d)=6.207  max_d_mean=3.59e-02
[jlens-gpu-7   2h53m +130.55s]   prompt 70/500  seq_len=128 n_valid=111  131s  max||J||/sqrt(d)=3.633  max_d_mean=2.34e-02
[jlens-gpu-4   2h54m +126.84s]   prompt 70/500  seq_len=128 n_valid=111  127s  max||J||/sqrt(d)=9.082  max_d_mean=5.26e-02
[jlens-gpu-7   2h55m +131.22s]   prompt 71/500  seq_len=128 n_valid=111  131s  max||J||/sqrt(d)=5.102  max_d_mean=3.21e-02
[jlens-gpu-4   2h57m +131.36s]   prompt 71/500  seq_len=128 n_valid=111  131s  max||J||/sqrt(d)=4.345  max_d_mean=2.37e-02
[jlens-gpu-7   2h57m +125.85s]   prompt 72/500  seq_len=128 n_valid=111  126s  max||J||/sqrt(d)=7.713  max_d_mean=4.80e-02
[jlens-gpu-4   2h59m +137.66s]   prompt 72/500  seq_len=128 n_valid=111  138s  max||J||/sqrt(d)=7.085  max_d_mean=3.85e-02
[jlens-gpu-7   2h59m +137.99s]   prompt 73/500  seq_len=128 n_valid=111  138s  max||J||/sqrt(d)=4.011  max_d_mean=2.46e-02
[jlens-gpu-4   3h01m +127.73s]   prompt 73/500  seq_len=128 n_valid=111  128s  max||J||/sqrt(d)=5.761  max_d_mean=3.11e-02
[jlens-gpu-7   3h01m +126.06s]   prompt 74/500  seq_len=128 n_valid=111  126s  max||J||/sqrt(d)=6.776  max_d_mean=4.17e-02
[jlens-gpu-4   3h03m +139.23s]   prompt 74/500  seq_len=128 n_valid=111  139s  max||J||/sqrt(d)=3.721  max_d_mean=2.06e-02
[jlens-gpu-7   3h04m +138.11s]   prompt 75/500  seq_len=128 n_valid=111  138s  max||J||/sqrt(d)=4.287  max_d_mean=2.45e-02
[jlens-gpu-4   3h06m +133.42s]   prompt 75/500  seq_len=128 n_valid=111  133s  max||J||/sqrt(d)=7.562  max_d_mean=4.07e-02
[jlens-gpu-7   3h06m +137.03s]   prompt 76/500  seq_len=128 n_valid=111  137s  max||J||/sqrt(d)=4.805  max_d_mean=2.69e-02
[jlens-gpu-4   3h08m +140.85s]   prompt 76/500  seq_len=128 n_valid=111  141s  max||J||/sqrt(d)=7.748  max_d_mean=4.03e-02
[jlens-gpu-7   3h08m +138.95s]   prompt 77/500  seq_len=128 n_valid=111  139s  max||J||/sqrt(d)=4.627  max_d_mean=2.56e-02
[jlens-gpu-4   3h10m +129.80s]   prompt 77/500  seq_len=128 n_valid=111  130s  max||J||/sqrt(d)=6.456  max_d_mean=3.31e-02
[jlens-gpu-7   3h10m +126.11s]   prompt 78/500  seq_len=128 n_valid=111  126s  max||J||/sqrt(d)=4.487  max_d_mean=2.60e-02
[jlens-gpu-4   3h12m +147.58s]   prompt 78/500  seq_len=128 n_valid=111  148s  max||J||/sqrt(d)=4.770  max_d_mean=2.27e-02
[jlens-gpu-7   3h13m +146.46s]   prompt 79/500  seq_len=128 n_valid=111  146s  max||J||/sqrt(d)=4.792  max_d_mean=2.68e-02
[jlens-gpu-4   3h15m +130.98s]   prompt 79/500  seq_len=128 n_valid=111  131s  max||J||/sqrt(d)=4.983  max_d_mean=2.40e-02
[jlens-gpu-7   3h15m +133.73s]   prompt 80/500  seq_len=128 n_valid=111  134s  max||J||/sqrt(d)=4.519  max_d_mean=2.45e-02
[jlens-gpu-4   3h17m +143.62s]   prompt 80/500  seq_len=128 n_valid=111  144s  max||J||/sqrt(d)=4.934  max_d_mean=2.54e-02
[jlens-gpu-7   3h17m +141.58s]   prompt 81/500  seq_len=128 n_valid=111  141s  max||J||/sqrt(d)=3.143  max_d_mean=1.81e-02
[jlens-gpu-4   3h19m +132.12s]   prompt 81/500  seq_len=128 n_valid=111  131s  max||J||/sqrt(d)=8.449  max_d_mean=4.15e-02
[jlens-gpu-7   3h20m +130.15s]   prompt 82/500  seq_len=128 n_valid=111  130s  max||J||/sqrt(d)=4.204  max_d_mean=2.16e-02
[jlens-gpu-4   3h22m +144.98s]   prompt 82/500  seq_len=128 n_valid=111  145s  max||J||/sqrt(d)=8.212  max_d_mean=4.03e-02
[jlens-gpu-7   3h22m +144.92s]   prompt 83/500  seq_len=128 n_valid=111  145s  max||J||/sqrt(d)=4.061  max_d_mean=2.07e-02
[jlens-gpu-4   3h24m +144.92s]   prompt 83/500  seq_len=128 n_valid=111  145s  max||J||/sqrt(d)=8.038  max_d_mean=3.90e-02
[jlens-gpu-7   3h24m +144.71s]   prompt 84/500  seq_len=128 n_valid=111  145s  max||J||/sqrt(d)=5.154  max_d_mean=2.62e-02
[jlens-gpu-4   3h26m +143.20s]   prompt 84/500  seq_len=128 n_valid=111  143s  max||J||/sqrt(d)=8.016  max_d_mean=3.95e-02
[jlens-gpu-7   3h27m +146.26s]   prompt 85/500  seq_len=128 n_valid=111  146s  max||J||/sqrt(d)=5.542  max_d_mean=2.78e-02
[jlens-gpu-4   3h29m +129.73s]   prompt 85/500  seq_len=128 n_valid=111  130s  max||J||/sqrt(d)=5.704  max_d_mean=2.67e-02
[jlens-gpu-7   3h29m +125.58s]   prompt 86/500  seq_len=128 n_valid=111  126s  max||J||/sqrt(d)=6.576  max_d_mean=3.47e-02
[jlens-gpu-4   3h31m +130.02s]   prompt 86/500  seq_len=128 n_valid=111  130s  max||J||/sqrt(d)=3.346  max_d_mean=1.51e-02
[jlens-gpu-7   3h31m +131.75s]   prompt 87/500  seq_len=128 n_valid=111  132s  max||J||/sqrt(d)=4.279  max_d_mean=2.11e-02
[jlens-gpu-4   3h33m +137.21s]   prompt 87/500  seq_len=128 n_valid=111  137s  max||J||/sqrt(d)=2.934  max_d_mean=1.44e-02
[jlens-gpu-7   3h33m +133.75s]   prompt 88/500  seq_len=128 n_valid=111  134s  max||J||/sqrt(d)=6.056  max_d_mean=3.02e-02
[jlens-gpu-4   3h35m +131.25s]   prompt 88/500  seq_len=128 n_valid=111  131s  max||J||/sqrt(d)=4.202  max_d_mean=2.00e-02
[jlens-gpu-7   3h36m +131.91s]   prompt 89/500  seq_len=128 n_valid=111  132s  max||J||/sqrt(d)=6.964  max_d_mean=3.66e-02
[jlens-gpu-4   3h37m +130.64s]   prompt 89/500  seq_len=128 n_valid=111  131s  max||J||/sqrt(d)=3.849  max_d_mean=1.72e-02
[jlens-gpu-7   3h38m +128.54s]   prompt 90/500  seq_len=128 n_valid=111  129s  max||J||/sqrt(d)=7.537  max_d_mean=3.86e-02
[jlens-gpu-4   3h40m +140.01s]   prompt 90/500  seq_len=128 n_valid=111  140s  max||J||/sqrt(d)=2.572  max_d_mean=1.27e-02
[jlens-gpu-7   3h40m +140.20s]   prompt 91/500  seq_len=128 n_valid=111  140s  max||J||/sqrt(d)=3.079  max_d_mean=1.43e-02
[jlens-gpu-4   3h42m +134.20s]   prompt 91/500  seq_len=128 n_valid=111  133s  max||J||/sqrt(d)=3.681  max_d_mean=1.55e-02
[jlens-gpu-7   3h42m +132.29s]   prompt 92/500  seq_len=128 n_valid=111  132s  max||J||/sqrt(d)=4.369  max_d_mean=1.94e-02
[jlens-gpu-4   3h44m +143.22s]   prompt 92/500  seq_len=128 n_valid=111  143s  max||J||/sqrt(d)=3.441  max_d_mean=1.48e-02
[jlens-gpu-7   3h45m +143.34s]   prompt 93/500  seq_len=128 n_valid=111  143s  max||J||/sqrt(d)=6.891  max_d_mean=3.34e-02
[jlens-gpu-4   3h47m +128.18s]   prompt 93/500  seq_len=128 n_valid=111  128s  max||J||/sqrt(d)=4.535  max_d_mean=1.95e-02
[jlens-gpu-7   3h47m +126.81s]   prompt 94/500  seq_len=128 n_valid=111  127s  max||J||/sqrt(d)=3.821  max_d_mean=1.78e-02
[jlens-gpu-4   3h49m +135.01s]   prompt 94/500  seq_len=128 n_valid=111  135s  max||J||/sqrt(d)=5.637  max_d_mean=2.40e-02
[jlens-gpu-7   3h49m +135.25s]   prompt 95/500  seq_len=128 n_valid=111  135s  max||J||/sqrt(d)=8.530  max_d_mean=4.09e-02
[jlens-gpu-4   3h51m +130.45s]   prompt 95/500  seq_len=128 n_valid=111  130s  max||J||/sqrt(d)=6.507  max_d_mean=2.89e-02
[jlens-gpu-7   3h51m +128.88s]   prompt 96/500  seq_len=128 n_valid=111  129s  max||J||/sqrt(d)=5.121  max_d_mean=2.39e-02
[jlens-gpu-4   3h53m +134.39s]   prompt 96/500  seq_len=128 n_valid=111  134s  max||J||/sqrt(d)=4.297  max_d_mean=1.71e-02
[jlens-gpu-7   3h53m +133.75s]   prompt 97/500  seq_len=128 n_valid=111  134s  max||J||/sqrt(d)=6.797  max_d_mean=3.14e-02
[jlens-gpu-4   3h56m +146.58s]   prompt 97/500  seq_len=128 n_valid=111  147s  max||J||/sqrt(d)=6.992  max_d_mean=2.99e-02
[jlens-gpu-7   3h56m +146.69s]   prompt 98/500  seq_len=128 n_valid=111  147s  max||J||/sqrt(d)=4.222  max_d_mean=1.85e-02
[jlens-gpu-4   3h58m +138.15s]   prompt 98/500  seq_len=128 n_valid=111  138s  max||J||/sqrt(d)=2.324  max_d_mean=1.15e-02
[jlens-gpu-7   3h58m +138.01s]   prompt 99/500  seq_len=128 n_valid=111  138s  max||J||/sqrt(d)=8.182  max_d_mean=3.78e-02
[jlens-gpu-4   4h00m +128.55s]   prompt 99/500  seq_len=128 n_valid=111  129s  max||J||/sqrt(d)=5.396  max_d_mean=2.36e-02
[jlens-gpu-7   4h00m +129.84s]   prompt 100/500  seq_len=128 n_valid=111  130s  max||J||/sqrt(d)=4.526  max_d_mean=1.95e-02
[jlens-gpu-4   4h02m +141.56s]   prompt 100/500  seq_len=128 n_valid=111  142s  max||J||/sqrt(d)=4.266  max_d_mean=1.67e-02
[jlens-gpu-7   4h03m +140.52s]   prompt 101/500  seq_len=128 n_valid=111  140s  max||J||/sqrt(d)=5.434  max_d_mean=2.47e-02
[jlens-gpu-4   4h05m +135.87s]   prompt 101/500  seq_len=128 n_valid=111  135s  max||J||/sqrt(d)=4.429  max_d_mean=1.75e-02
[jlens-gpu-7   4h05m +134.36s]   prompt 102/500  seq_len=128 n_valid=111  134s  max||J||/sqrt(d)=4.556  max_d_mean=2.05e-02
[jlens-gpu-4   4h07m +148.01s]   prompt 102/500  seq_len=128 n_valid=111  148s  max||J||/sqrt(d)=3.404  max_d_mean=1.43e-02
[jlens-gpu-7   4h07m +147.91s]   prompt 103/500  seq_len=128 n_valid=111  148s  max||J||/sqrt(d)=3.746  max_d_mean=1.57e-02
[jlens-gpu-4   4h09m +128.74s]   prompt 103/500  seq_len=128 n_valid=111  129s  max||J||/sqrt(d)=3.355  max_d_mean=1.31e-02
[jlens-gpu-7   4h09m +128.10s]   prompt 104/500  seq_len=128 n_valid=111  128s  max||J||/sqrt(d)=7.426  max_d_mean=3.19e-02
[jlens-gpu-4   4h12m +133.17s]   prompt 104/500  seq_len=128 n_valid=111  133s  max||J||/sqrt(d)=4.474  max_d_mean=1.81e-02
[jlens-gpu-7   4h12m +132.52s]   prompt 105/500  seq_len=128 n_valid=111  133s  max||J||/sqrt(d)=4.687  max_d_mean=1.84e-02
[jlens-gpu-4   4h14m +130.88s]   prompt 105/500  seq_len=128 n_valid=111  131s  max||J||/sqrt(d)=4.596  max_d_mean=1.82e-02
[jlens-gpu-7   4h14m +128.92s]   prompt 106/500  seq_len=128 n_valid=111  129s  max||J||/sqrt(d)=3.654  max_d_mean=1.56e-02
[jlens-gpu-4   4h16m +128.07s]   prompt 106/500  seq_len=128 n_valid=111  128s  max||J||/sqrt(d)=5.577  max_d_mean=2.11e-02
[jlens-gpu-7   4h16m +128.05s]   prompt 107/500  seq_len=128 n_valid=111  128s  max||J||/sqrt(d)=4.016  max_d_mean=1.70e-02
[jlens-gpu-4   4h18m +144.46s]   prompt 107/500  seq_len=128 n_valid=111  144s  max||J||/sqrt(d)=13.382  max_d_mean=5.52e-02
[jlens-gpu-7   4h18m +143.08s]   prompt 108/500  seq_len=128 n_valid=111  143s  max||J||/sqrt(d)=4.510  max_d_mean=1.80e-02
[jlens-gpu-4   4h20m +127.73s]   prompt 108/500  seq_len=128 n_valid=111  128s  max||J||/sqrt(d)=21.368  max_d_mean=8.79e-02
[jlens-gpu-7   4h21m +127.71s]   prompt 109/500  seq_len=128 n_valid=111  128s  max||J||/sqrt(d)=7.876  max_d_mean=3.19e-02
[jlens-gpu-4   4h23m +142.00s]   prompt 109/500  seq_len=128 n_valid=111  142s  max||J||/sqrt(d)=5.192  max_d_mean=1.90e-02
[jlens-gpu-7   4h23m +142.14s]   prompt 110/500  seq_len=128 n_valid=111  142s  max||J||/sqrt(d)=8.579  max_d_mean=3.72e-02
[jlens-gpu-4   4h25m +126.51s]   prompt 110/500  seq_len=128 n_valid=111  127s  max||J||/sqrt(d)=3.813  max_d_mean=1.32e-02
[jlens-gpu-7   4h25m +127.40s]   prompt 111/500  seq_len=128 n_valid=111  127s  max||J||/sqrt(d)=4.125  max_d_mean=1.59e-02
[jlens-gpu-4   4h27m +135.08s]   prompt 111/500  seq_len=122 n_valid=105  134s  max||J||/sqrt(d)=2.628  max_d_mean=1.15e-02
[jlens-gpu-7   4h27m +134.04s]   prompt 112/500  seq_len=128 n_valid=111  134s  max||J||/sqrt(d)=8.809  max_d_mean=3.54e-02
[jlens-gpu-4   4h29m +136.53s]   prompt 112/500  seq_len=128 n_valid=111  137s  max||J||/sqrt(d)=6.019  max_d_mean=2.29e-02
[jlens-gpu-7   4h29m +136.18s]   prompt 113/500  seq_len=128 n_valid=111  136s  max||J||/sqrt(d)=5.759  max_d_mean=2.17e-02
[jlens-gpu-4   4h32m +138.61s]   prompt 113/500  seq_len=128 n_valid=111  139s  max||J||/sqrt(d)=6.245  max_d_mean=2.28e-02
[jlens-gpu-7   4h32m +137.51s]   prompt 114/500  seq_len=128 n_valid=111  138s  max||J||/sqrt(d)=3.934  max_d_mean=1.36e-02
[jlens-gpu-4   4h34m +129.89s]   prompt 114/500  seq_len=128 n_valid=111  130s  max||J||/sqrt(d)=5.300  max_d_mean=1.97e-02
[jlens-gpu-7   4h34m +129.37s]   prompt 115/500  seq_len=128 n_valid=111  129s  max||J||/sqrt(d)=3.644  max_d_mean=1.39e-02
[jlens-gpu-4   4h36m +128.37s]   prompt 115/500  seq_len=128 n_valid=111  128s  max||J||/sqrt(d)=5.852  max_d_mean=2.13e-02
[jlens-gpu-7   4h36m +128.25s]   prompt 116/500  seq_len=128 n_valid=111  128s  max||J||/sqrt(d)=7.077  max_d_mean=2.70e-02
[jlens-gpu-4   4h38m +139.30s]   prompt 116/500  seq_len=128 n_valid=111  139s  max||J||/sqrt(d)=5.171  max_d_mean=1.84e-02
[jlens-gpu-7   4h38m +138.54s]   prompt 117/500  seq_len=128 n_valid=111  139s  max||J||/sqrt(d)=5.806  max_d_mean=2.21e-02
[jlens-gpu-4   4h41m +128.82s]   prompt 117/500  seq_len=119 n_valid=102  129s  max||J||/sqrt(d)=10.533  max_d_mean=3.89e-02
[jlens-gpu-7   4h41m +129.20s]   prompt 118/500  seq_len=128 n_valid=111  129s  max||J||/sqrt(d)=4.860  max_d_mean=1.78e-02
[jlens-gpu-4   4h43m +148.00s]   prompt 118/500  seq_len=128 n_valid=111  148s  max||J||/sqrt(d)=6.055  max_d_mean=2.21e-02
[jlens-gpu-7   4h43m +147.71s]   prompt 119/500  seq_len=128 n_valid=111  148s  max||J||/sqrt(d)=5.278  max_d_mean=1.96e-02
[jlens-gpu-4   4h46m +157.13s]   prompt 119/500  seq_len=128 n_valid=111  157s  max||J||/sqrt(d)=7.429  max_d_mean=2.60e-02
[jlens-gpu-7   4h46m +157.01s]   prompt 120/500  seq_len=128 n_valid=111  157s  max||J||/sqrt(d)=4.753  max_d_mean=1.74e-02
[jlens-gpu-4   4h48m +128.44s]   prompt 120/500  seq_len=128 n_valid=111  128s  max||J||/sqrt(d)=5.182  max_d_mean=1.86e-02
[jlens-gpu-7   4h48m +128.65s]   prompt 121/500  seq_len=128 n_valid=111  128s  max||J||/sqrt(d)=6.167  max_d_mean=2.24e-02
[jlens-gpu-4   4h50m +145.21s]   prompt 121/500  seq_len=128 n_valid=111  144s  max||J||/sqrt(d)=6.080  max_d_mean=2.08e-02
[jlens-gpu-7   4h50m +143.25s]   prompt 122/500  seq_len=128 n_valid=111  143s  max||J||/sqrt(d)=8.456  max_d_mean=3.09e-02
[jlens-gpu-4   4h53m +140.71s]   prompt 122/500  seq_len=128 n_valid=111  141s  max||J||/sqrt(d)=6.214  max_d_mean=2.06e-02
[jlens-gpu-7   4h53m +141.03s]   prompt 123/500  seq_len=128 n_valid=111  141s  max||J||/sqrt(d)=6.295  max_d_mean=2.32e-02
[jlens-gpu-4   4h55m +127.96s]   prompt 123/500  seq_len=128 n_valid=111  128s  max||J||/sqrt(d)=5.174  max_d_mean=1.67e-02
[jlens-gpu-7   4h55m +128.01s]   prompt 124/500  seq_len=128 n_valid=111  128s  max||J||/sqrt(d)=4.968  max_d_mean=1.66e-02
[jlens-gpu-4   4h57m +129.46s]   prompt 124/500  seq_len=128 n_valid=111  129s  max||J||/sqrt(d)=4.664  max_d_mean=1.59e-02
[jlens-gpu-7   4h57m +129.45s]   prompt 125/500  seq_len=128 n_valid=111  129s  max||J||/sqrt(d)=5.210  max_d_mean=1.80e-02
[jlens-gpu-4   4h59m +127.52s]   prompt 125/500  seq_len=128 n_valid=111  128s  max||J||/sqrt(d)=4.174  max_d_mean=1.33e-02
[jlens-gpu-7   4h59m +127.97s]   prompt 126/500  seq_len=128 n_valid=111  128s  max||J||/sqrt(d)=5.959  max_d_mean=2.03e-02
[jlens-gpu-7   5h01m +139.71s]   prompt 127/500  seq_len=128 n_valid=111  140s  max||J||/sqrt(d)=4.434  max_d_mean=1.43e-02
[jlens-gpu-4   5h01m +140.93s]   prompt 126/500  seq_len=128 n_valid=111  141s  max||J||/sqrt(d)=4.004  max_d_mean=1.36e-02
[jlens-gpu-4   5h04m +144.34s]   prompt 127/500  seq_len=128 n_valid=111  144s  max||J||/sqrt(d)=5.041  max_d_mean=1.57e-02
[jlens-gpu-7   5h04m +145.16s]   prompt 128/500  seq_len=128 n_valid=111  145s  max||J||/sqrt(d)=5.343  max_d_mean=1.86e-02
[jlens-gpu-4   5h06m +133.39s]   prompt 128/500  seq_len=128 n_valid=111  133s  max||J||/sqrt(d)=5.489  max_d_mean=1.71e-02
[jlens-gpu-7   5h06m +133.61s]   prompt 129/500  seq_len=128 n_valid=111  134s  max||J||/sqrt(d)=7.500  max_d_mean=2.55e-02
[jlens-gpu-4   5h08m +147.40s]   prompt 129/500  seq_len=128 n_valid=111  147s  max||J||/sqrt(d)=5.631  max_d_mean=1.77e-02
[jlens-gpu-7   5h08m +147.10s]   prompt 130/500  seq_len=128 n_valid=111  147s  max||J||/sqrt(d)=4.053  max_d_mean=1.39e-02
[jlens-gpu-4   5h11m +134.57s]   prompt 130/500  seq_len=128 n_valid=111  135s  max||J||/sqrt(d)=2.833  max_d_mean=9.40e-03
[jlens-gpu-7   5h11m +136.16s]   prompt 131/500  seq_len=128 n_valid=111  136s  max||J||/sqrt(d)=4.533  max_d_mean=1.41e-02
[jlens-gpu-4   5h13m +128.08s]   prompt 131/500  seq_len=128 n_valid=111  127s  max||J||/sqrt(d)=4.016  max_d_mean=1.22e-02
[jlens-gpu-7   5h13m +127.47s]   prompt 132/500  seq_len=128 n_valid=111  127s  max||J||/sqrt(d)=6.450  max_d_mean=2.14e-02
[jlens-gpu-4   5h15m +126.93s]   prompt 132/500  seq_len=128 n_valid=111  127s  max||J||/sqrt(d)=4.263  max_d_mean=1.36e-02
[jlens-gpu-7   5h15m +126.97s]   prompt 133/500  seq_len=128 n_valid=111  127s  max||J||/sqrt(d)=7.596  max_d_mean=2.52e-02
[jlens-gpu-4   5h17m +150.82s]   prompt 133/500  seq_len=128 n_valid=111  151s  max||J||/sqrt(d)=5.185  max_d_mean=1.56e-02
[jlens-gpu-7   5h17m +151.26s]   prompt 134/500  seq_len=128 n_valid=111  151s  max||J||/sqrt(d)=4.970  max_d_mean=1.57e-02
[jlens-gpu-4   5h20m +146.83s]   prompt 134/500  seq_len=128 n_valid=111  147s  max||J||/sqrt(d)=5.028  max_d_mean=1.50e-02
[jlens-gpu-7   5h20m +146.86s]   prompt 135/500  seq_len=128 n_valid=111  147s  max||J||/sqrt(d)=5.460  max_d_mean=1.74e-02
[jlens-gpu-4   5h22m +150.21s]   prompt 135/500  seq_len=128 n_valid=111  150s  max||J||/sqrt(d)=6.651  max_d_mean=2.07e-02
[jlens-gpu-7   5h22m +150.16s]   prompt 136/500  seq_len=128 n_valid=111  150s  max||J||/sqrt(d)=3.793  max_d_mean=1.20e-02
[jlens-gpu-4   5h25m +148.05s]   prompt 136/500  seq_len=128 n_valid=111  148s  max||J||/sqrt(d)=4.711  max_d_mean=1.38e-02
[jlens-gpu-7   5h25m +147.98s]   prompt 137/500  seq_len=128 n_valid=111  148s  max||J||/sqrt(d)=3.873  max_d_mean=1.17e-02
[jlens-gpu-4   5h27m +147.12s]   prompt 137/500  seq_len=128 n_valid=111  147s  max||J||/sqrt(d)=7.925  max_d_mean=2.50e-02
[jlens-gpu-7   5h27m +147.13s]   prompt 138/500  seq_len=128 n_valid=111  147s  max||J||/sqrt(d)=7.705  max_d_mean=2.45e-02
[jlens-gpu-4   5h30m +152.64s]   prompt 138/500  seq_len=128 n_valid=111  153s  max||J||/sqrt(d)=4.652  max_d_mean=1.26e-02
[jlens-gpu-7   5h30m +152.50s]   prompt 139/500  seq_len=128 n_valid=111  153s  max||J||/sqrt(d)=4.473  max_d_mean=1.37e-02
[jlens-gpu-4   5h32m +149.95s]   prompt 139/500  seq_len=128 n_valid=111  150s  max||J||/sqrt(d)=3.743  max_d_mean=1.10e-02
[jlens-gpu-7   5h32m +150.03s]   prompt 140/500  seq_len=128 n_valid=111  150s  max||J||/sqrt(d)=4.613  max_d_mean=1.33e-02
[jlens-gpu-4   5h35m +142.39s]   prompt 140/500  seq_len=128 n_valid=111  142s  max||J||/sqrt(d)=4.997  max_d_mean=1.47e-02
[jlens-gpu-7   5h35m +142.58s]   prompt 141/500  seq_len=128 n_valid=111  142s  max||J||/sqrt(d)=8.132  max_d_mean=2.54e-02
[jlens-gpu-4   5h37m +134.83s]   prompt 141/500  seq_len=128 n_valid=111  134s  max||J||/sqrt(d)=6.743  max_d_mean=1.92e-02
[jlens-gpu-7   5h37m +133.05s]   prompt 142/500  seq_len=128 n_valid=111  133s  max||J||/sqrt(d)=4.553  max_d_mean=1.31e-02
[jlens-gpu-7   5h39m +151.82s]   prompt 143/500  seq_len=128 n_valid=111  152s  max||J||/sqrt(d)=4.292  max_d_mean=1.22e-02
[jlens-gpu-4   5h39m +152.55s]   prompt 142/500  seq_len=128 n_valid=111  153s  max||J||/sqrt(d)=4.547  max_d_mean=1.27e-02
[jlens-gpu-7   5h42m +128.19s]   prompt 144/500  seq_len=128 n_valid=111  128s  max||J||/sqrt(d)=5.103  max_d_mean=1.50e-02
[jlens-gpu-4   5h42m +129.44s]   prompt 143/500  seq_len=128 n_valid=111  129s  max||J||/sqrt(d)=4.561  max_d_mean=1.26e-02
[jlens-gpu-7   5h44m +139.15s]   prompt 145/500  seq_len=128 n_valid=111  139s  max||J||/sqrt(d)=4.622  max_d_mean=1.28e-02
[jlens-gpu-4   5h44m +139.62s]   prompt 144/500  seq_len=128 n_valid=111  140s  max||J||/sqrt(d)=3.423  max_d_mean=1.01e-02
[jlens-gpu-7   5h46m +127.25s]   prompt 146/500  seq_len=128 n_valid=111  127s  max||J||/sqrt(d)=4.710  max_d_mean=1.34e-02
[jlens-gpu-4   5h46m +128.68s]   prompt 145/500  seq_len=128 n_valid=111  129s  max||J||/sqrt(d)=4.051  max_d_mean=1.09e-02
[jlens-gpu-7   5h48m +136.74s]   prompt 147/500  seq_len=128 n_valid=111  137s  max||J||/sqrt(d)=3.194  max_d_mean=8.49e-03
[jlens-gpu-4   5h48m +137.37s]   prompt 146/500  seq_len=128 n_valid=111  137s  max||J||/sqrt(d)=3.262  max_d_mean=8.48e-03
[jlens-gpu-7   5h51m +141.80s]   prompt 148/500  seq_len=128 n_valid=111  142s  max||J||/sqrt(d)=6.141  max_d_mean=1.77e-02
[jlens-gpu-4   5h51m +142.35s]   prompt 147/500  seq_len=128 n_valid=111  142s  max||J||/sqrt(d)=4.847  max_d_mean=1.34e-02
[jlens-gpu-7   5h53m +131.96s]   prompt 149/500  seq_len=128 n_valid=111  132s  max||J||/sqrt(d)=69.941  max_d_mean=2.19e-01
[jlens-gpu-4   5h53m +133.06s]   prompt 148/500  seq_len=128 n_valid=111  133s  max||J||/sqrt(d)=6.543  max_d_mean=1.79e-02
[jlens-gpu-7   5h55m +136.96s]   prompt 150/500  seq_len=128 n_valid=111  137s  max||J||/sqrt(d)=5.368  max_d_mean=1.47e-02
[jlens-gpu-4   5h55m +138.20s]   prompt 149/500  seq_len=128 n_valid=111  138s  max||J||/sqrt(d)=5.273  max_d_mean=1.39e-02
[jlens-gpu-7   5h57m +130.58s]   prompt 151/500  seq_len=128 n_valid=111  130s  max||J||/sqrt(d)=5.019  max_d_mean=1.33e-02
[jlens-gpu-4   5h57m +129.77s]   prompt 150/500  seq_len=128 n_valid=111  130s  max||J||/sqrt(d)=4.710  max_d_mean=1.24e-02
[jlens-gpu-7   5h59m +125.60s]   prompt 152/500  seq_len=128 n_valid=111  126s  max||J||/sqrt(d)=5.652  max_d_mean=1.53e-02
[jlens-gpu-4   6h00m +127.53s]   prompt 151/500  seq_len=128 n_valid=111  127s  max||J||/sqrt(d)=5.070  max_d_mean=1.31e-02
[jlens-gpu-7   6h02m +127.09s]   prompt 153/500  seq_len=128 n_valid=111  127s  max||J||/sqrt(d)=4.308  max_d_mean=1.05e-02
[jlens-gpu-4   6h02m +126.21s]   prompt 152/500  seq_len=128 n_valid=111  126s  max||J||/sqrt(d)=5.105  max_d_mean=1.38e-02
[jlens-gpu-7   6h04m +127.03s]   prompt 154/500  seq_len=128 n_valid=111  127s  max||J||/sqrt(d)=4.069  max_d_mean=1.02e-02
[jlens-gpu-4   6h04m +128.00s]   prompt 153/500  seq_len=128 n_valid=111  128s  max||J||/sqrt(d)=5.577  max_d_mean=1.50e-02
[jlens-gpu-7   6h06m +138.11s]   prompt 155/500  seq_len=128 n_valid=111  138s  max||J||/sqrt(d)=4.707  max_d_mean=1.30e-02
[jlens-gpu-4   6h06m +137.66s]   prompt 154/500  seq_len=128 n_valid=111  138s  max||J||/sqrt(d)=5.263  max_d_mean=1.40e-02
[jlens-gpu-7   6h08m +141.36s]   prompt 156/500  seq_len=128 n_valid=111  141s  max||J||/sqrt(d)=5.209  max_d_mean=1.39e-02
[jlens-gpu-4   6h08m +142.22s]   prompt 155/500  seq_len=128 n_valid=111  142s  max||J||/sqrt(d)=4.776  max_d_mean=1.18e-02
[jlens-gpu-7   6h10m +128.57s]   prompt 157/500  seq_len=128 n_valid=111  129s  max||J||/sqrt(d)=4.430  max_d_mean=1.22e-02
[jlens-gpu-4   6h11m +129.73s]   prompt 156/500  seq_len=128 n_valid=111  130s  max||J||/sqrt(d)=4.268  max_d_mean=1.02e-02
[jlens-gpu-7   6h13m +148.12s]   prompt 158/500  seq_len=128 n_valid=111  148s  max||J||/sqrt(d)=4.411  max_d_mean=1.17e-02
[jlens-gpu-4   6h13m +148.17s]   prompt 157/500  seq_len=128 n_valid=111  148s  max||J||/sqrt(d)=3.758  max_d_mean=8.74e-03
[jlens-gpu-7   6h15m +132.97s]   prompt 159/500  seq_len=128 n_valid=111  133s  max||J||/sqrt(d)=4.069  max_d_mean=1.05e-02
[jlens-gpu-4   6h15m +134.32s]   prompt 158/500  seq_len=128 n_valid=111  134s  max||J||/sqrt(d)=4.337  max_d_mean=1.08e-02
[jlens-gpu-7   6h17m +142.62s]   prompt 160/500  seq_len=128 n_valid=111  143s  max||J||/sqrt(d)=4.622  max_d_mean=1.26e-02
[jlens-gpu-4   6h18m +144.55s]   prompt 159/500  seq_len=128 n_valid=111  145s  max||J||/sqrt(d)=4.262  max_d_mean=1.05e-02
[jlens-gpu-7   6h20m +152.53s]   prompt 161/500  seq_len=128 n_valid=111  152s  max||J||/sqrt(d)=4.324  max_d_mean=1.12e-02
[jlens-gpu-4   6h20m +150.43s]   prompt 160/500  seq_len=128 n_valid=111  150s  max||J||/sqrt(d)=7.498  max_d_mean=1.94e-02
[jlens-gpu-7   6h22m +135.23s]   prompt 162/500  seq_len=128 n_valid=111  135s  max||J||/sqrt(d)=5.117  max_d_mean=1.36e-02
[jlens-gpu-4   6h23m +136.93s]   prompt 161/500  seq_len=128 n_valid=111  136s  max||J||/sqrt(d)=4.926  max_d_mean=1.26e-02
[jlens-gpu-7   6h25m +153.95s]   prompt 163/500  seq_len=128 n_valid=111  154s  max||J||/sqrt(d)=5.859  max_d_mean=1.53e-02
[jlens-gpu-4   6h25m +153.88s]   prompt 162/500  seq_len=128 n_valid=111  154s  max||J||/sqrt(d)=4.033  max_d_mean=1.04e-02
[jlens-gpu-7   6h27m +127.07s]   prompt 164/500  seq_len=128 n_valid=111  127s  max||J||/sqrt(d)=5.020  max_d_mean=1.28e-02
[jlens-gpu-4   6h27m +130.03s]   prompt 163/500  seq_len=128 n_valid=111  130s  max||J||/sqrt(d)=4.878  max_d_mean=1.24e-02
[jlens-gpu-7   6h29m +143.40s]   prompt 165/500  seq_len=128 n_valid=111  143s  max||J||/sqrt(d)=6.034  max_d_mean=1.59e-02
[jlens-gpu-4   6h30m +141.79s]   prompt 164/500  seq_len=128 n_valid=111  142s  max||J||/sqrt(d)=4.908  max_d_mean=1.20e-02
[jlens-gpu-7   6h32m +151.50s]   prompt 166/500  seq_len=128 n_valid=111  151s  max||J||/sqrt(d)=5.677  max_d_mean=1.38e-02
[jlens-gpu-4   6h32m +151.66s]   prompt 165/500  seq_len=128 n_valid=111  152s  max||J||/sqrt(d)=5.868  max_d_mean=1.52e-02
[jlens-gpu-7   6h34m +150.34s]   prompt 167/500  seq_len=128 n_valid=111  150s  max||J||/sqrt(d)=3.749  max_d_mean=8.96e-03
[jlens-gpu-4   6h35m +150.31s]   prompt 166/500  seq_len=128 n_valid=111  150s  max||J||/sqrt(d)=4.083  max_d_mean=9.84e-03
[jlens-gpu-7   6h37m +145.18s]   prompt 168/500  seq_len=128 n_valid=111  145s  max||J||/sqrt(d)=5.477  max_d_mean=1.35e-02
[jlens-gpu-4   6h37m +145.15s]   prompt 167/500  seq_len=128 n_valid=111  145s  max||J||/sqrt(d)=13.355  max_d_mean=3.56e-02
[jlens-gpu-7   6h39m +131.98s]   prompt 169/500  seq_len=128 n_valid=111  132s  max||J||/sqrt(d)=4.346  max_d_mean=1.07e-02
[jlens-gpu-4   6h39m +132.62s]   prompt 168/500  seq_len=128 n_valid=111  133s  max||J||/sqrt(d)=5.123  max_d_mean=1.28e-02
[jlens-gpu-7   6h41m +145.32s]   prompt 170/500  seq_len=128 n_valid=111  145s  max||J||/sqrt(d)=3.541  max_d_mean=9.01e-03
[jlens-gpu-4   6h42m +148.82s]   prompt 169/500  seq_len=128 n_valid=111  149s  max||J||/sqrt(d)=5.667  max_d_mean=1.40e-02
[jlens-gpu-7   6h44m +132.02s]   prompt 171/500  seq_len=128 n_valid=111  131s  max||J||/sqrt(d)=5.762  max_d_mean=1.49e-02
[jlens-gpu-4   6h44m +129.09s]   prompt 170/500  seq_len=128 n_valid=111  129s  max||J||/sqrt(d)=4.761  max_d_mean=1.17e-02
[jlens-gpu-7   6h46m +134.74s]   prompt 172/500  seq_len=128 n_valid=111  135s  max||J||/sqrt(d)=7.247  max_d_mean=1.86e-02
[jlens-gpu-4   6h46m +136.66s]   prompt 171/500  seq_len=128 n_valid=111  136s  max||J||/sqrt(d)=4.048  max_d_mean=9.73e-03
[jlens-gpu-7   6h48m +141.36s]   prompt 173/500  seq_len=128 n_valid=111  141s  max||J||/sqrt(d)=4.417  max_d_mean=1.09e-02
[jlens-gpu-4   6h49m +141.19s]   prompt 172/500  seq_len=128 n_valid=111  141s  max||J||/sqrt(d)=4.709  max_d_mean=1.11e-02
[jlens-gpu-7   6h50m +129.88s]   prompt 174/500  seq_len=128 n_valid=111  130s  max||J||/sqrt(d)=108.864  max_d_mean=2.88e-01
[jlens-gpu-4   6h51m +132.89s]   prompt 173/500  seq_len=128 n_valid=111  133s  max||J||/sqrt(d)=5.063  max_d_mean=1.18e-02
[jlens-gpu-7   6h53m +139.86s]   prompt 175/500  seq_len=128 n_valid=111  140s  max||J||/sqrt(d)=4.296  max_d_mean=1.05e-02
[jlens-gpu-4   6h53m +138.64s]   prompt 174/500  seq_len=128 n_valid=111  139s  max||J||/sqrt(d)=5.331  max_d_mean=1.31e-02
[jlens-gpu-7   6h55m +125.60s]   prompt 176/500  seq_len=128 n_valid=111  126s  max||J||/sqrt(d)=7.203  max_d_mean=1.75e-02
[jlens-gpu-4   6h55m +129.34s]   prompt 175/500  seq_len=128 n_valid=111  129s  max||J||/sqrt(d)=8.834  max_d_mean=2.14e-02
[jlens-gpu-7   6h57m +135.85s]   prompt 177/500  seq_len=128 n_valid=111  136s  max||J||/sqrt(d)=6.014  max_d_mean=1.46e-02
[jlens-gpu-4   6h57m +133.37s]   prompt 176/500  seq_len=128 n_valid=111  133s  max||J||/sqrt(d)=5.520  max_d_mean=1.27e-02
[jlens-gpu-7   6h59m +139.80s]   prompt 178/500  seq_len=128 n_valid=111  140s  max||J||/sqrt(d)=5.899  max_d_mean=1.38e-02
[jlens-gpu-4   7h00m +140.49s]   prompt 177/500  seq_len=128 n_valid=111  140s  max||J||/sqrt(d)=4.800  max_d_mean=1.16e-02
[jlens-gpu-7   7h02m +126.43s]   prompt 179/500  seq_len=128 n_valid=111  126s  max||J||/sqrt(d)=4.741  max_d_mean=1.11e-02
[jlens-gpu-4   7h02m +130.30s]   prompt 178/500  seq_len=128 n_valid=111  130s  max||J||/sqrt(d)=8.068  max_d_mean=1.97e-02
[jlens-gpu-7   7h04m +137.85s]   prompt 180/500  seq_len=128 n_valid=111  138s  max||J||/sqrt(d)=6.260  max_d_mean=1.46e-02
[jlens-gpu-4   7h04m +137.00s]   prompt 179/500  seq_len=128 n_valid=111  137s  max||J||/sqrt(d)=5.655  max_d_mean=1.30e-02
[jlens-gpu-7   7h06m +145.86s]   prompt 181/500  seq_len=128 n_valid=111  145s  max||J||/sqrt(d)=3.611  max_d_mean=7.94e-03
[jlens-gpu-4   7h07m +143.96s]   prompt 180/500  seq_len=128 n_valid=111  144s  max||J||/sqrt(d)=11.142  max_d_mean=2.73e-02
[jlens-gpu-7   7h08m +127.50s]   prompt 182/500  seq_len=128 n_valid=111  127s  max||J||/sqrt(d)=6.084  max_d_mean=1.42e-02
[jlens-gpu-4   7h09m +128.39s]   prompt 181/500  seq_len=128 n_valid=111  128s  max||J||/sqrt(d)=4.563  max_d_mean=9.78e-03
[jlens-gpu-7   7h11m +133.97s]   prompt 183/500  seq_len=128 n_valid=111  134s  max||J||/sqrt(d)=9.859  max_d_mean=2.37e-02
[jlens-gpu-4   7h11m +139.09s]   prompt 182/500  seq_len=128 n_valid=111  139s  max||J||/sqrt(d)=8.298  max_d_mean=1.89e-02
[jlens-gpu-7   7h13m +148.00s]   prompt 184/500  seq_len=128 n_valid=111  148s  max||J||/sqrt(d)=5.210  max_d_mean=1.18e-02
[jlens-gpu-4   7h13m +144.74s]   prompt 183/500  seq_len=128 n_valid=111  145s  max||J||/sqrt(d)=6.201  max_d_mean=1.41e-02
[jlens-gpu-7   7h15m +142.13s]   prompt 185/500  seq_len=128 n_valid=111  142s  max||J||/sqrt(d)=4.354  max_d_mean=9.92e-03
[jlens-gpu-4   7h16m +142.00s]   prompt 184/500  seq_len=128 n_valid=111  142s  max||J||/sqrt(d)=4.982  max_d_mean=1.09e-02
[jlens-gpu-7   7h18m +132.32s]   prompt 186/500  seq_len=128 n_valid=111  132s  max||J||/sqrt(d)=4.288  max_d_mean=1.05e-02
[jlens-gpu-4   7h18m +134.86s]   prompt 185/500  seq_len=128 n_valid=111  135s  max||J||/sqrt(d)=5.043  max_d_mean=1.10e-02
[jlens-gpu-7   7h20m +129.10s]   prompt 187/500  seq_len=128 n_valid=111  129s  max||J||/sqrt(d)=8.410  max_d_mean=1.91e-02
[jlens-gpu-4   7h20m +129.07s]   prompt 186/500  seq_len=128 n_valid=111  129s  max||J||/sqrt(d)=8.631  max_d_mean=1.99e-02
[jlens-gpu-7   7h22m +127.74s]   prompt 188/500  seq_len=128 n_valid=111  128s  max||J||/sqrt(d)=4.248  max_d_mean=1.03e-02
[jlens-gpu-4   7h22m +129.07s]   prompt 187/500  seq_len=128 n_valid=111  129s  max||J||/sqrt(d)=8.557  max_d_mean=1.94e-02
[jlens-gpu-7   7h24m +146.39s]   prompt 189/500  seq_len=128 n_valid=111  146s  max||J||/sqrt(d)=7.138  max_d_mean=1.64e-02
[jlens-gpu-4   7h25m +144.07s]   prompt 188/500  seq_len=125 n_valid=108  144s  max||J||/sqrt(d)=4.686  max_d_mean=1.02e-02
[jlens-gpu-7   7h27m +139.62s]   prompt 190/500  seq_len=128 n_valid=111  140s  max||J||/sqrt(d)=7.339  max_d_mean=1.74e-02
[jlens-gpu-4   7h27m +144.00s]   prompt 189/500  seq_len=128 n_valid=111  144s  max||J||/sqrt(d)=5.169  max_d_mean=1.14e-02
[jlens-gpu-7   7h29m +143.66s]   prompt 191/500  seq_len=128 n_valid=111  143s  max||J||/sqrt(d)=4.161  max_d_mean=9.64e-03
[jlens-gpu-4   7h30m +139.56s]   prompt 190/500  seq_len=128 n_valid=111  140s  max||J||/sqrt(d)=6.347  max_d_mean=1.47e-02
[jlens-gpu-7   7h31m +138.02s]   prompt 192/500  seq_len=128 n_valid=111  138s  max||J||/sqrt(d)=4.863  max_d_mean=1.06e-02
[jlens-gpu-4   7h32m +140.17s]   prompt 191/500  seq_len=128 n_valid=111  139s  max||J||/sqrt(d)=4.799  max_d_mean=1.02e-02
[jlens-gpu-7   7h34m +133.33s]   prompt 193/500  seq_len=128 n_valid=111  133s  max||J||/sqrt(d)=3.707  max_d_mean=8.55e-03
[jlens-gpu-4   7h34m +133.96s]   prompt 192/500  seq_len=128 n_valid=111  134s  max||J||/sqrt(d)=5.551  max_d_mean=1.15e-02
[jlens-gpu-7   7h36m +138.48s]   prompt 194/500  seq_len=128 n_valid=111  138s  max||J||/sqrt(d)=4.868  max_d_mean=1.07e-02
[jlens-gpu-4   7h36m +138.36s]   prompt 193/500  seq_len=120 n_valid=103  138s  max||J||/sqrt(d)=4.160  max_d_mean=8.49e-03
[jlens-gpu-7   7h38m +143.30s]   prompt 195/500  seq_len=128 n_valid=111  143s  max||J||/sqrt(d)=7.728  max_d_mean=1.80e-02
[jlens-gpu-4   7h39m +144.44s]   prompt 194/500  seq_len=124 n_valid=107  144s  max||J||/sqrt(d)=6.077  max_d_mean=1.27e-02
[jlens-gpu-7   7h41m +133.95s]   prompt 196/500  seq_len=128 n_valid=111  134s  max||J||/sqrt(d)=3.227  max_d_mean=7.10e-03
[jlens-gpu-4   7h41m +139.01s]   prompt 195/500  seq_len=128 n_valid=111  139s  max||J||/sqrt(d)=7.136  max_d_mean=1.53e-02
[jlens-gpu-7   7h43m +129.33s]   prompt 197/500  seq_len=128 n_valid=111  129s  max||J||/sqrt(d)=4.585  max_d_mean=9.09e-03
[jlens-gpu-4   7h43m +126.40s]   prompt 196/500  seq_len=121 n_valid=104  126s  max||J||/sqrt(d)=5.216  max_d_mean=1.10e-02
[jlens-gpu-7   7h45m +133.20s]   prompt 198/500  seq_len=128 n_valid=111  133s  max||J||/sqrt(d)=5.134  max_d_mean=1.06e-02
[jlens-gpu-4   7h45m +131.61s]   prompt 197/500  seq_len=128 n_valid=111  132s  max||J||/sqrt(d)=4.148  max_d_mean=8.27e-03
[jlens-gpu-7   7h47m +138.52s]   prompt 199/500  seq_len=128 n_valid=111  139s  max||J||/sqrt(d)=3.977  max_d_mean=8.07e-03
[jlens-gpu-4   7h48m +138.64s]   prompt 198/500  seq_len=128 n_valid=111  139s  max||J||/sqrt(d)=5.534  max_d_mean=1.10e-02
[jlens-gpu-7   7h50m +139.91s]   prompt 200/500  seq_len=128 n_valid=111  140s  max||J||/sqrt(d)=4.041  max_d_mean=8.41e-03
[jlens-gpu-4   7h50m +140.61s]   prompt 199/500  seq_len=121 n_valid=104  141s  max||J||/sqrt(d)=3.870  max_d_mean=7.73e-03
[jlens-gpu-7   7h52m +127.03s]   prompt 201/500  seq_len=128 n_valid=111  126s  max||J||/sqrt(d)=3.243  max_d_mean=6.66e-03
[jlens-gpu-4   7h52m +126.10s]   prompt 200/500  seq_len=128 n_valid=111  126s  max||J||/sqrt(d)=4.864  max_d_mean=9.99e-03
[jlens-gpu-7   7h54m +130.85s]   prompt 202/500  seq_len=128 n_valid=111  131s  max||J||/sqrt(d)=3.582  max_d_mean=7.51e-03
[jlens-gpu-4   7h54m +137.63s]   prompt 201/500  seq_len=128 n_valid=111  137s  max||J||/sqrt(d)=6.958  max_d_mean=1.51e-02
[jlens-gpu-7   7h56m +139.04s]   prompt 203/500  seq_len=128 n_valid=111  139s  max||J||/sqrt(d)=3.721  max_d_mean=7.92e-03
[jlens-gpu-4   7h57m +133.92s]   prompt 202/500  seq_len=128 n_valid=111  134s  max||J||/sqrt(d)=5.782  max_d_mean=1.24e-02
[jlens-gpu-7   7h58m +127.60s]   prompt 204/500  seq_len=128 n_valid=111  128s  max||J||/sqrt(d)=5.729  max_d_mean=1.21e-02
[jlens-gpu-4   7h59m +127.99s]   prompt 203/500  seq_len=128 n_valid=111  128s  max||J||/sqrt(d)=3.760  max_d_mean=6.94e-03
[jlens-gpu-7   8h00m +124.73s]   prompt 205/500  seq_len=128 n_valid=111  125s  max||J||/sqrt(d)=6.699  max_d_mean=1.37e-02
[jlens-gpu-4   8h01m +128.48s]   prompt 204/500  seq_len=128 n_valid=111  128s  max||J||/sqrt(d)=4.550  max_d_mean=8.77e-03
[jlens-gpu-7   8h03m +134.50s]   prompt 206/500  seq_len=128 n_valid=111  135s  max||J||/sqrt(d)=5.134  max_d_mean=9.97e-03
[jlens-gpu-4   8h03m +133.89s]   prompt 205/500  seq_len=128 n_valid=111  134s  max||J||/sqrt(d)=4.449  max_d_mean=8.84e-03
[jlens-gpu-7   8h05m +135.33s]   prompt 207/500  seq_len=128 n_valid=111  135s  max||J||/sqrt(d)=3.676  max_d_mean=7.22e-03
[jlens-gpu-4   8h05m +134.52s]   prompt 206/500  seq_len=128 n_valid=111  135s  max||J||/sqrt(d)=4.954  max_d_mean=1.01e-02
[jlens-gpu-7   8h07m +137.17s]   prompt 208/500  seq_len=128 n_valid=111  137s  max||J||/sqrt(d)=3.598  max_d_mean=7.08e-03
[jlens-gpu-4   8h08m +139.66s]   prompt 207/500  seq_len=128 n_valid=111  140s  max||J||/sqrt(d)=5.571  max_d_mean=1.11e-02
[jlens-gpu-7   8h09m +136.66s]   prompt 209/500  seq_len=128 n_valid=111  137s  max||J||/sqrt(d)=5.453  max_d_mean=1.07e-02
[jlens-gpu-4   8h10m +135.69s]   prompt 208/500  seq_len=128 n_valid=111  136s  max||J||/sqrt(d)=5.816  max_d_mean=1.23e-02
[jlens-gpu-7   8h12m +139.60s]   prompt 210/500  seq_len=128 n_valid=111  140s  max||J||/sqrt(d)=4.077  max_d_mean=7.94e-03
[jlens-gpu-4   8h12m +146.20s]   prompt 209/500  seq_len=128 n_valid=111  146s  max||J||/sqrt(d)=6.156  max_d_mean=1.32e-02
[jlens-gpu-7   8h14m +137.85s]   prompt 211/500  seq_len=128 n_valid=111  137s  max||J||/sqrt(d)=5.198  max_d_mean=9.74e-03
[jlens-gpu-4   8h15m +131.62s]   prompt 210/500  seq_len=128 n_valid=111  132s  max||J||/sqrt(d)=5.885  max_d_mean=1.19e-02
[jlens-gpu-7   8h16m +136.21s]   prompt 212/500  seq_len=128 n_valid=111  136s  max||J||/sqrt(d)=4.448  max_d_mean=8.44e-03
[jlens-gpu-4   8h17m +137.99s]   prompt 211/500  seq_len=128 n_valid=111  137s  max||J||/sqrt(d)=5.324  max_d_mean=1.05e-02
[jlens-gpu-7   8h18m +126.46s]   prompt 213/500  seq_len=128 n_valid=111  126s  max||J||/sqrt(d)=4.679  max_d_mean=9.01e-03
[jlens-gpu-4   8h19m +127.74s]   prompt 212/500  seq_len=128 n_valid=111  128s  max||J||/sqrt(d)=3.554  max_d_mean=7.58e-03
[jlens-gpu-7   8h21m +129.43s]   prompt 214/500  seq_len=128 n_valid=111  129s  max||J||/sqrt(d)=5.070  max_d_mean=1.03e-02
[jlens-gpu-4   8h21m +129.92s]   prompt 213/500  seq_len=128 n_valid=111  130s  max||J||/sqrt(d)=4.227  max_d_mean=8.51e-03
[jlens-gpu-7   8h23m +125.50s]   prompt 215/500  seq_len=128 n_valid=111  126s  max||J||/sqrt(d)=3.257  max_d_mean=6.26e-03
[jlens-gpu-4   8h23m +127.14s]   prompt 214/500  seq_len=128 n_valid=111  127s  max||J||/sqrt(d)=4.475  max_d_mean=8.40e-03
[jlens-gpu-7   8h25m +125.26s]   prompt 216/500  seq_len=128 n_valid=111  125s  max||J||/sqrt(d)=3.980  max_d_mean=7.77e-03
[jlens-gpu-4   8h25m +125.71s]   prompt 215/500  seq_len=128 n_valid=111  126s  max||J||/sqrt(d)=5.053  max_d_mean=8.99e-03
[jlens-gpu-7   8h27m +129.81s]   prompt 217/500  seq_len=128 n_valid=111  130s  max||J||/sqrt(d)=4.022  max_d_mean=7.79e-03
[jlens-gpu-4   8h28m +130.47s]   prompt 216/500  seq_len=128 n_valid=111  130s  max||J||/sqrt(d)=5.023  max_d_mean=9.49e-03
[jlens-gpu-7   8h29m +137.76s]   prompt 218/500  seq_len=128 n_valid=111  138s  max||J||/sqrt(d)=6.391  max_d_mean=1.21e-02
[jlens-gpu-4   8h30m +140.63s]   prompt 217/500  seq_len=128 n_valid=111  141s  max||J||/sqrt(d)=3.786  max_d_mean=6.96e-03
[jlens-gpu-7   8h31m +131.92s]   prompt 219/500  seq_len=128 n_valid=111  132s  max||J||/sqrt(d)=5.383  max_d_mean=1.04e-02
[jlens-gpu-4   8h32m +133.46s]   prompt 218/500  seq_len=128 n_valid=111  133s  max||J||/sqrt(d)=5.339  max_d_mean=1.02e-02
[jlens-gpu-7   8h34m +127.83s]   prompt 220/500  seq_len=128 n_valid=111  128s  max||J||/sqrt(d)=6.459  max_d_mean=1.21e-02
[jlens-gpu-4   8h34m +133.83s]   prompt 219/500  seq_len=128 n_valid=111  134s  max||J||/sqrt(d)=4.331  max_d_mean=8.41e-03
[jlens-gpu-7   8h36m +139.94s]   prompt 221/500  seq_len=128 n_valid=111  139s  max||J||/sqrt(d)=3.966  max_d_mean=7.41e-03
[jlens-gpu-4   8h37m +134.43s]   prompt 220/500  seq_len=128 n_valid=111  134s  max||J||/sqrt(d)=4.923  max_d_mean=9.10e-03
[jlens-gpu-7   8h38m +140.83s]   prompt 222/500  seq_len=128 n_valid=111  141s  max||J||/sqrt(d)=3.313  max_d_mean=5.93e-03
[jlens-gpu-4   8h39m +140.20s]   prompt 221/500  seq_len=128 n_valid=111  140s  max||J||/sqrt(d)=4.267  max_d_mean=8.20e-03
[jlens-gpu-7   8h40m +123.51s]   prompt 223/500  seq_len=128 n_valid=111  124s  max||J||/sqrt(d)=3.894  max_d_mean=7.05e-03
[jlens-gpu-4   8h41m +127.76s]   prompt 222/500  seq_len=128 n_valid=111  128s  max||J||/sqrt(d)=5.268  max_d_mean=9.77e-03
[jlens-gpu-7   8h43m +142.20s]   prompt 224/500  seq_len=128 n_valid=111  142s  max||J||/sqrt(d)=5.725  max_d_mean=1.08e-02
[jlens-gpu-4   8h43m +139.19s]   prompt 223/500  seq_len=128 n_valid=111  139s  max||J||/sqrt(d)=4.967  max_d_mean=9.27e-03
[jlens-gpu-7   8h45m +127.96s]   prompt 225/500  seq_len=128 n_valid=111  128s  max||J||/sqrt(d)=3.407  max_d_mean=5.86e-03
[jlens-gpu-4   8h46m +135.31s]   prompt 224/500  seq_len=128 n_valid=111  135s  max||J||/sqrt(d)=4.488  max_d_mean=8.04e-03
[jlens-gpu-7   8h47m +131.85s]   prompt 226/500  seq_len=128 n_valid=111  132s  max||J||/sqrt(d)=4.268  max_d_mean=7.51e-03
[jlens-gpu-4   8h48m +133.29s]   prompt 225/500  seq_len=128 n_valid=111  133s  max||J||/sqrt(d)=7.858  max_d_mean=1.47e-02
[jlens-gpu-7   8h49m +132.67s]   prompt 227/500  seq_len=128 n_valid=111  133s  max||J||/sqrt(d)=3.972  max_d_mean=6.77e-03
[jlens-gpu-4   8h50m +134.64s]   prompt 226/500  seq_len=128 n_valid=111  135s  max||J||/sqrt(d)=4.113  max_d_mean=7.94e-03
[jlens-gpu-7   8h52m +141.64s]   prompt 228/500  seq_len=128 n_valid=111  142s  max||J||/sqrt(d)=3.424  max_d_mean=6.18e-03
[jlens-gpu-4   8h52m +134.31s]   prompt 227/500  seq_len=128 n_valid=111  134s  max||J||/sqrt(d)=5.387  max_d_mean=9.54e-03
[jlens-gpu-7   8h54m +126.30s]   prompt 229/500  seq_len=128 n_valid=111  126s  max||J||/sqrt(d)=3.264  max_d_mean=6.06e-03
[jlens-gpu-4   8h55m +127.52s]   prompt 228/500  seq_len=128 n_valid=111  128s  max||J||/sqrt(d)=7.887  max_d_mean=1.49e-02
[jlens-gpu-7   8h56m +127.22s]   prompt 230/500  seq_len=128 n_valid=111  127s  max||J||/sqrt(d)=5.079  max_d_mean=9.06e-03
[jlens-gpu-4   8h57m +131.58s]   prompt 229/500  seq_len=128 n_valid=111  132s  max||J||/sqrt(d)=8.669  max_d_mean=1.62e-02
[jlens-gpu-7   8h58m +131.03s]   prompt 231/500  seq_len=128 n_valid=111  130s  max||J||/sqrt(d)=4.335  max_d_mean=7.36e-03
[jlens-gpu-4   8h59m +135.44s]   prompt 230/500  seq_len=128 n_valid=111  135s  max||J||/sqrt(d)=10.750  max_d_mean=2.05e-02
[jlens-gpu-7   9h00m +148.85s]   prompt 232/500  seq_len=128 n_valid=111  149s  max||J||/sqrt(d)=5.064  max_d_mean=8.78e-03
[jlens-gpu-4   9h01m +138.66s]   prompt 231/500  seq_len=128 n_valid=111  138s  max||J||/sqrt(d)=6.176  max_d_mean=1.09e-02
[jlens-gpu-7   9h03m +136.43s]   prompt 233/500  seq_len=128 n_valid=111  136s  max||J||/sqrt(d)=4.519  max_d_mean=7.69e-03
[jlens-gpu-4   9h04m +137.36s]   prompt 232/500  seq_len=128 n_valid=111  137s  max||J||/sqrt(d)=5.492  max_d_mean=9.64e-03
[jlens-gpu-7   9h05m +128.97s]   prompt 234/500  seq_len=128 n_valid=111  129s  max||J||/sqrt(d)=5.131  max_d_mean=8.96e-03
[jlens-gpu-4   9h06m +131.03s]   prompt 233/500  seq_len=128 n_valid=111  131s  max||J||/sqrt(d)=11.030  max_d_mean=2.10e-02
[jlens-gpu-7   9h07m +131.17s]   prompt 235/500  seq_len=128 n_valid=111  131s  max||J||/sqrt(d)=3.856  max_d_mean=6.52e-03
[jlens-gpu-4   9h08m +128.56s]   prompt 234/500  seq_len=128 n_valid=111  129s  max||J||/sqrt(d)=7.116  max_d_mean=1.38e-02
[jlens-gpu-7   9h09m +129.01s]   prompt 236/500  seq_len=128 n_valid=111  129s  max||J||/sqrt(d)=5.274  max_d_mean=9.53e-03
[jlens-gpu-4   9h10m +129.07s]   prompt 235/500  seq_len=128 n_valid=111  129s  max||J||/sqrt(d)=5.882  max_d_mean=1.05e-02
[jlens-gpu-7   9h11m +126.51s]   prompt 237/500  seq_len=128 n_valid=111  127s  max||J||/sqrt(d)=3.517  max_d_mean=6.12e-03
[jlens-gpu-4   9h12m +133.58s]   prompt 236/500  seq_len=128 n_valid=111  134s  max||J||/sqrt(d)=4.319  max_d_mean=7.97e-03
[jlens-gpu-7   9h14m +138.82s]   prompt 238/500  seq_len=128 n_valid=111  139s  max||J||/sqrt(d)=5.134  max_d_mean=9.05e-03
[jlens-gpu-4   9h15m +136.73s]   prompt 237/500  seq_len=128 n_valid=111  137s  max||J||/sqrt(d)=11.323  max_d_mean=2.14e-02
[jlens-gpu-7   9h16m +128.17s]   prompt 239/500  seq_len=128 n_valid=111  128s  max||J||/sqrt(d)=6.117  max_d_mean=1.08e-02
[jlens-gpu-4   9h17m +137.00s]   prompt 238/500  seq_len=126 n_valid=109  137s  max||J||/sqrt(d)=4.762  max_d_mean=8.34e-03
[jlens-gpu-7   9h18m +137.91s]   prompt 240/500  seq_len=128 n_valid=111  138s  max||J||/sqrt(d)=4.785  max_d_mean=8.28e-03
[jlens-gpu-4   9h19m +130.53s]   prompt 239/500  seq_len=128 n_valid=111  131s  max||J||/sqrt(d)=4.774  max_d_mean=8.40e-03
[jlens-gpu-7   9h20m +130.40s]   prompt 241/500  seq_len=128 n_valid=111  130s  max||J||/sqrt(d)=3.444  max_d_mean=5.63e-03
[jlens-gpu-4   9h21m +134.39s]   prompt 240/500  seq_len=128 n_valid=111  134s  max||J||/sqrt(d)=6.250  max_d_mean=1.10e-02
[jlens-gpu-7   9h23m +146.44s]   prompt 242/500  seq_len=128 n_valid=111  146s  max||J||/sqrt(d)=5.555  max_d_mean=9.57e-03
[jlens-gpu-4   9h24m +138.87s]   prompt 241/500  seq_len=128 n_valid=111  138s  max||J||/sqrt(d)=13.324  max_d_mean=2.45e-02
[jlens-gpu-7   9h25m +135.13s]   prompt 243/500  seq_len=128 n_valid=111  135s  max||J||/sqrt(d)=4.900  max_d_mean=7.89e-03
[jlens-gpu-4   9h26m +139.05s]   prompt 242/500  seq_len=128 n_valid=111  139s  max||J||/sqrt(d)=3.475  max_d_mean=5.60e-03
[jlens-gpu-7   9h27m +128.19s]   prompt 244/500  seq_len=128 n_valid=111  128s  max||J||/sqrt(d)=6.061  max_d_mean=1.03e-02
[jlens-gpu-4   9h28m +137.38s]   prompt 243/500  seq_len=128 n_valid=111  137s  max||J||/sqrt(d)=5.052  max_d_mean=8.17e-03
[jlens-gpu-7   9h29m +140.08s]   prompt 245/500  seq_len=128 n_valid=111  140s  max||J||/sqrt(d)=4.699  max_d_mean=7.60e-03
[jlens-gpu-4   9h30m +128.60s]   prompt 244/500  seq_len=128 n_valid=111  129s  max||J||/sqrt(d)=4.420  max_d_mean=7.25e-03
[jlens-gpu-7   9h32m +128.81s]   prompt 246/500  seq_len=128 n_valid=111  129s  max||J||/sqrt(d)=4.242  max_d_mean=7.56e-03
[jlens-gpu-4   9h33m +129.26s]   prompt 245/500  seq_len=128 n_valid=111  129s  max||J||/sqrt(d)=5.426  max_d_mean=8.86e-03
[jlens-gpu-7   9h34m +127.91s]   prompt 247/500  seq_len=128 n_valid=111  128s  max||J||/sqrt(d)=3.752  max_d_mean=6.24e-03
[jlens-gpu-4   9h35m +129.70s]   prompt 246/500  seq_len=128 n_valid=111  130s  max||J||/sqrt(d)=3.978  max_d_mean=6.61e-03
[jlens-gpu-7   9h36m +133.15s]   prompt 248/500  seq_len=128 n_valid=111  133s  max||J||/sqrt(d)=3.819  max_d_mean=6.10e-03
[jlens-gpu-4   9h37m +140.65s]   prompt 247/500  seq_len=128 n_valid=111  141s  max||J||/sqrt(d)=7.101  max_d_mean=1.19e-02
[jlens-gpu-7   9h38m +141.28s]   prompt 249/500  seq_len=128 n_valid=111  141s  max||J||/sqrt(d)=4.050  max_d_mean=6.74e-03
[jlens-gpu-4   9h39m +134.61s]   prompt 248/500  seq_len=128 n_valid=111  135s  max||J||/sqrt(d)=3.889  max_d_mean=6.26e-03
[jlens-gpu-7   9h41m +133.72s]   prompt 250/500  seq_len=128 n_valid=111  134s  max||J||/sqrt(d)=5.102  max_d_mean=8.58e-03
[jlens-gpu-4   9h42m +142.55s]   prompt 249/500  seq_len=128 n_valid=111  143s  max||J||/sqrt(d)=4.148  max_d_mean=6.56e-03
[jlens-gpu-7   9h43m +137.63s]   prompt 251/500  seq_len=128 n_valid=111  137s  max||J||/sqrt(d)=3.431  max_d_mean=5.64e-03
[jlens-gpu-4   9h44m +129.67s]   prompt 250/500  seq_len=128 n_valid=111  130s  max||J||/sqrt(d)=6.694  max_d_mean=1.15e-02
[jlens-gpu-7   9h45m +131.64s]   prompt 252/500  seq_len=128 n_valid=111  132s  max||J||/sqrt(d)=3.974  max_d_mean=7.08e-03
[jlens-gpu-4   9h46m +133.73s]   prompt 251/500  seq_len=128 n_valid=111  133s  max||J||/sqrt(d)=7.338  max_d_mean=1.24e-02
[jlens-gpu-7   9h47m +129.35s]   prompt 253/500  seq_len=128 n_valid=111  129s  max||J||/sqrt(d)=5.082  max_d_mean=8.06e-03
[jlens-gpu-4   9h48m +128.41s]   prompt 252/500  seq_len=128 n_valid=111  128s  max||J||/sqrt(d)=7.741  max_d_mean=1.35e-02
[jlens-gpu-7   9h49m +126.91s]   prompt 254/500  seq_len=128 n_valid=111  127s  max||J||/sqrt(d)=3.657  max_d_mean=6.09e-03
[jlens-gpu-4   9h50m +134.67s]   prompt 253/500  seq_len=128 n_valid=111  135s  max||J||/sqrt(d)=4.973  max_d_mean=7.62e-03
[jlens-gpu-7   9h52m +143.03s]   prompt 255/500  seq_len=123 n_valid=106  143s  max||J||/sqrt(d)=4.170  max_d_mean=6.59e-03
[jlens-gpu-4   9h53m +137.85s]   prompt 254/500  seq_len=128 n_valid=111  138s  max||J||/sqrt(d)=4.466  max_d_mean=6.95e-03
[jlens-gpu-7   9h54m +126.42s]   prompt 256/500  seq_len=128 n_valid=111  126s  max||J||/sqrt(d)=2.693  max_d_mean=5.01e-03
[jlens-gpu-4   9h55m +131.77s]   prompt 255/500  seq_len=128 n_valid=111  132s  max||J||/sqrt(d)=6.394  max_d_mean=1.02e-02
[jlens-gpu-7   9h56m +141.16s]   prompt 257/500  seq_len=128 n_valid=111  141s  max||J||/sqrt(d)=5.183  max_d_mean=8.72e-03
[jlens-gpu-4   9h57m +136.12s]   prompt 256/500  seq_len=128 n_valid=111  136s  max||J||/sqrt(d)=9.587  max_d_mean=1.58e-02
[jlens-gpu-7   9h58m +136.98s]   prompt 258/500  seq_len=128 n_valid=111  137s  max||J||/sqrt(d)=9.286  max_d_mean=1.59e-02
[jlens-gpu-4   9h59m +137.00s]   prompt 257/500  seq_len=128 n_valid=111  137s  max||J||/sqrt(d)=12.830  max_d_mean=2.25e-02
[jlens-gpu-7  10h00m +125.53s]   prompt 259/500  seq_len=128 n_valid=111  126s  max||J||/sqrt(d)=6.648  max_d_mean=1.09e-02
[jlens-gpu-4  10h02m +137.49s]   prompt 258/500  seq_len=128 n_valid=111  137s  max||J||/sqrt(d)=4.803  max_d_mean=7.54e-03
[jlens-gpu-7  10h03m +136.94s]   prompt 260/500  seq_len=128 n_valid=111  137s  max||J||/sqrt(d)=4.249  max_d_mean=6.65e-03
[jlens-gpu-4  10h04m +125.56s]   prompt 259/500  seq_len=128 n_valid=111  126s  max||J||/sqrt(d)=5.225  max_d_mean=8.24e-03
[jlens-gpu-7  10h05m +136.03s]   prompt 261/500  seq_len=128 n_valid=111  135s  max||J||/sqrt(d)=3.799  max_d_mean=6.02e-03
[jlens-gpu-4  10h06m +135.50s]   prompt 260/500  seq_len=128 n_valid=111  135s  max||J||/sqrt(d)=3.973  max_d_mean=6.43e-03
[jlens-gpu-7  10h07m +127.74s]   prompt 262/500  seq_len=128 n_valid=111  128s  max||J||/sqrt(d)=4.475  max_d_mean=7.21e-03
[jlens-gpu-4  10h08m +130.95s]   prompt 261/500  seq_len=128 n_valid=111  130s  max||J||/sqrt(d)=4.868  max_d_mean=7.42e-03
[jlens-gpu-7  10h09m +135.05s]   prompt 263/500  seq_len=128 n_valid=111  135s  max||J||/sqrt(d)=9.180  max_d_mean=1.59e-02
[jlens-gpu-4  10h11m +133.07s]   prompt 262/500  seq_len=128 n_valid=111  133s  max||J||/sqrt(d)=5.762  max_d_mean=8.90e-03
[jlens-gpu-7  10h12m +136.84s]   prompt 264/500  seq_len=128 n_valid=111  137s  max||J||/sqrt(d)=6.119  max_d_mean=1.01e-02
[jlens-gpu-4  10h13m +136.97s]   prompt 263/500  seq_len=128 n_valid=111  137s  max||J||/sqrt(d)=4.587  max_d_mean=6.98e-03
[jlens-gpu-7  10h14m +134.30s]   prompt 265/500  seq_len=128 n_valid=111  134s  max||J||/sqrt(d)=3.309  max_d_mean=5.64e-03
[jlens-gpu-4  10h15m +134.78s]   prompt 264/500  seq_len=128 n_valid=111  135s  max||J||/sqrt(d)=2.767  max_d_mean=4.50e-03
[jlens-gpu-7  10h16m +126.14s]   prompt 266/500  seq_len=128 n_valid=111  126s  max||J||/sqrt(d)=4.463  max_d_mean=7.51e-03
[jlens-gpu-4  10h17m +132.42s]   prompt 265/500  seq_len=127 n_valid=110  132s  max||J||/sqrt(d)=6.156  max_d_mean=9.46e-03
[jlens-gpu-7  10h18m +138.25s]   prompt 267/500  seq_len=128 n_valid=111  138s  max||J||/sqrt(d)=6.474  max_d_mean=1.06e-02
[jlens-gpu-4  10h19m +133.00s]   prompt 266/500  seq_len=128 n_valid=111  133s  max||J||/sqrt(d)=7.636  max_d_mean=1.22e-02
[jlens-gpu-7  10h21m +131.88s]   prompt 268/500  seq_len=128 n_valid=111  132s  max||J||/sqrt(d)=7.774  max_d_mean=1.29e-02
[jlens-gpu-4  10h22m +131.90s]   prompt 267/500  seq_len=128 n_valid=111  132s  max||J||/sqrt(d)=6.638  max_d_mean=1.03e-02
[jlens-gpu-7  10h23m +136.84s]   prompt 269/500  seq_len=128 n_valid=111  137s  max||J||/sqrt(d)=4.993  max_d_mean=7.69e-03
[jlens-gpu-4  10h24m +136.76s]   prompt 268/500  seq_len=128 n_valid=111  137s  max||J||/sqrt(d)=4.824  max_d_mean=7.14e-03
[jlens-gpu-7  10h25m +136.84s]   prompt 270/500  seq_len=128 n_valid=111  137s  max||J||/sqrt(d)=19.858  max_d_mean=3.40e-02
[jlens-gpu-4  10h27m +165.29s]   prompt 269/500  seq_len=128 n_valid=111  165s  max||J||/sqrt(d)=5.276  max_d_mean=7.98e-03
[jlens-gpu-7  10h28m +163.08s]   prompt 271/500  seq_len=128 n_valid=111  162s  max||J||/sqrt(d)=3.929  max_d_mean=6.19e-03
[jlens-gpu-4  10h29m +161.17s]   prompt 270/500  seq_len=128 n_valid=111  161s  max||J||/sqrt(d)=4.674  max_d_mean=7.85e-03
[jlens-gpu-7  10h31m +177.54s]   prompt 272/500  seq_len=128 n_valid=111  178s  max||J||/sqrt(d)=4.265  max_d_mean=6.67e-03
[jlens-gpu-4  10h32m +181.13s]   prompt 271/500  seq_len=128 n_valid=111  180s  max||J||/sqrt(d)=3.537  max_d_mean=5.54e-03
[jlens-gpu-7  10h34m +177.45s]   prompt 273/500  seq_len=128 n_valid=111  177s  max||J||/sqrt(d)=5.639  max_d_mean=9.27e-03
[jlens-gpu-4  10h35m +176.76s]   prompt 272/500  seq_len=128 n_valid=111  177s  max||J||/sqrt(d)=4.260  max_d_mean=6.43e-03
[jlens-gpu-7  10h37m +175.60s]   prompt 274/500  seq_len=128 n_valid=111  176s  max||J||/sqrt(d)=4.466  max_d_mean=6.87e-03
[jlens-gpu-4  10h38m +178.57s]   prompt 273/500  seq_len=128 n_valid=111  179s  max||J||/sqrt(d)=5.736  max_d_mean=9.25e-03
[jlens-gpu-7  10h40m +175.91s]   prompt 275/500  seq_len=128 n_valid=111  176s  max||J||/sqrt(d)=6.264  max_d_mean=1.04e-02
[jlens-gpu-4  10h41m +177.34s]   prompt 274/500  seq_len=128 n_valid=111  177s  max||J||/sqrt(d)=4.227  max_d_mean=6.79e-03
[jlens-gpu-7  10h43m +179.00s]   prompt 276/500  seq_len=128 n_valid=111  179s  max||J||/sqrt(d)=6.673  max_d_mean=1.07e-02
[jlens-gpu-4  10h44m +146.61s]   prompt 275/500  seq_len=128 n_valid=111  147s  max||J||/sqrt(d)=28.540  max_d_mean=4.70e-02
[jlens-gpu-7  10h45m +125.09s]   prompt 277/500  seq_len=128 n_valid=111  125s  max||J||/sqrt(d)=6.617  max_d_mean=1.02e-02
[jlens-gpu-4  10h46m +136.11s]   prompt 276/500  seq_len=128 n_valid=111  136s  max||J||/sqrt(d)=5.291  max_d_mean=7.94e-03
[jlens-gpu-7  10h47m +139.27s]   prompt 278/500  seq_len=128 n_valid=111  139s  max||J||/sqrt(d)=4.330  max_d_mean=7.14e-03
[jlens-gpu-4  10h48m +131.98s]   prompt 277/500  seq_len=128 n_valid=111  132s  max||J||/sqrt(d)=5.052  max_d_mean=7.58e-03
[jlens-gpu-7  10h49m +127.89s]   prompt 279/500  seq_len=128 n_valid=111  128s  max||J||/sqrt(d)=4.839  max_d_mean=7.83e-03
[jlens-gpu-4  10h50m +130.13s]   prompt 278/500  seq_len=128 n_valid=111  130s  max||J||/sqrt(d)=3.762  max_d_mean=6.03e-03
[jlens-gpu-7  10h51m +136.83s]   prompt 280/500  seq_len=128 n_valid=111  137s  max||J||/sqrt(d)=6.501  max_d_mean=1.02e-02
[jlens-gpu-4  10h53m +148.34s]   prompt 279/500  seq_len=128 n_valid=111  148s  max||J||/sqrt(d)=4.077  max_d_mean=5.93e-03
[jlens-gpu-7  10h54m +143.91s]   prompt 281/500  seq_len=128 n_valid=111  143s  max||J||/sqrt(d)=7.110  max_d_mean=1.14e-02
[jlens-gpu-4  10h55m +129.48s]   prompt 280/500  seq_len=128 n_valid=111  129s  max||J||/sqrt(d)=6.798  max_d_mean=1.02e-02
[jlens-gpu-7  10h56m +130.47s]   prompt 282/500  seq_len=128 n_valid=111  130s  max||J||/sqrt(d)=7.447  max_d_mean=1.18e-02
[jlens-gpu-4  10h57m +133.80s]   prompt 281/500  seq_len=128 n_valid=111  133s  max||J||/sqrt(d)=5.040  max_d_mean=7.61e-03
[jlens-gpu-7  10h58m +128.12s]   prompt 283/500  seq_len=128 n_valid=111  128s  max||J||/sqrt(d)=7.346  max_d_mean=1.16e-02
[jlens-gpu-4  10h59m +135.94s]   prompt 282/500  seq_len=128 n_valid=111  136s  max||J||/sqrt(d)=6.617  max_d_mean=9.70e-03
[jlens-gpu-7  11h01m +154.32s]   prompt 284/500  seq_len=128 n_valid=111  154s  max||J||/sqrt(d)=7.171  max_d_mean=1.13e-02
[jlens-gpu-4  11h02m +179.34s]   prompt 283/500  seq_len=128 n_valid=111  179s  max||J||/sqrt(d)=4.836  max_d_mean=7.13e-03
[jlens-gpu-7  11h04m +173.66s]   prompt 285/500  seq_len=128 n_valid=111  174s  max||J||/sqrt(d)=4.952  max_d_mean=7.32e-03
[jlens-gpu-4  11h05m +175.04s]   prompt 284/500  seq_len=128 n_valid=111  175s  max||J||/sqrt(d)=6.954  max_d_mean=1.11e-02
[jlens-gpu-7  11h07m +176.61s]   prompt 286/500  seq_len=128 n_valid=111  177s  max||J||/sqrt(d)=3.078  max_d_mean=4.79e-03
[jlens-gpu-4  11h08m +144.95s]   prompt 285/500  seq_len=128 n_valid=111  145s  max||J||/sqrt(d)=4.158  max_d_mean=6.18e-03
[jlens-gpu-7  11h09m +126.56s]   prompt 287/500  seq_len=128 n_valid=111  127s  max||J||/sqrt(d)=4.585  max_d_mean=7.26e-03
[jlens-gpu-4  11h10m +139.43s]   prompt 286/500  seq_len=128 n_valid=111  139s  max||J||/sqrt(d)=4.489  max_d_mean=6.78e-03
[jlens-gpu-7  11h11m +140.00s]   prompt 288/500  seq_len=128 n_valid=111  140s  max||J||/sqrt(d)=8.085  max_d_mean=1.29e-02
[jlens-gpu-4  11h12m +127.26s]   prompt 287/500  seq_len=128 n_valid=111  127s  max||J||/sqrt(d)=4.310  max_d_mean=6.21e-03
[jlens-gpu-7  11h13m +125.32s]   prompt 289/500  seq_len=128 n_valid=111  125s  max||J||/sqrt(d)=4.367  max_d_mean=6.29e-03
[jlens-gpu-4  11h15m +140.42s]   prompt 288/500  seq_len=128 n_valid=111  140s  max||J||/sqrt(d)=3.799  max_d_mean=5.38e-03
[jlens-gpu-7  11h15m +140.42s]   prompt 290/500  seq_len=128 n_valid=111  140s  max||J||/sqrt(d)=7.648  max_d_mean=1.13e-02
[jlens-gpu-4  11h17m +129.03s]   prompt 289/500  seq_len=128 n_valid=111  129s  max||J||/sqrt(d)=4.239  max_d_mean=5.85e-03
[jlens-gpu-7  11h18m +128.26s]   prompt 291/500  seq_len=128 n_valid=111  128s  max||J||/sqrt(d)=7.747  max_d_mean=1.18e-02
[jlens-gpu-4  11h19m +138.62s]   prompt 290/500  seq_len=128 n_valid=111  139s  max||J||/sqrt(d)=4.671  max_d_mean=6.60e-03
[jlens-gpu-7  11h20m +156.42s]   prompt 292/500  seq_len=128 n_valid=111  156s  max||J||/sqrt(d)=5.569  max_d_mean=8.12e-03
[jlens-gpu-4  11h22m +176.75s]   prompt 291/500  seq_len=128 n_valid=111  176s  max||J||/sqrt(d)=3.321  max_d_mean=4.93e-03
[jlens-gpu-7  11h23m +172.89s]   prompt 293/500  seq_len=128 n_valid=111  173s  max||J||/sqrt(d)=5.548  max_d_mean=8.53e-03
[jlens-gpu-4  11h25m +173.63s]   prompt 292/500  seq_len=128 n_valid=111  174s  max||J||/sqrt(d)=6.324  max_d_mean=9.08e-03
[jlens-gpu-7  11h26m +169.56s]   prompt 294/500  seq_len=128 n_valid=111  170s  max||J||/sqrt(d)=4.553  max_d_mean=6.38e-03
[jlens-gpu-4  11h27m +147.30s]   prompt 293/500  seq_len=128 n_valid=111  147s  max||J||/sqrt(d)=5.417  max_d_mean=8.13e-03
[jlens-gpu-7  11h28m +143.64s]   prompt 295/500  seq_len=128 n_valid=111  144s  max||J||/sqrt(d)=4.634  max_d_mean=6.44e-03
[jlens-gpu-4  11h30m +133.56s]   prompt 294/500  seq_len=128 n_valid=111  134s  max||J||/sqrt(d)=6.076  max_d_mean=8.84e-03
[jlens-gpu-7  11h30m +126.25s]   prompt 296/500  seq_len=128 n_valid=111  126s  max||J||/sqrt(d)=7.930  max_d_mean=1.21e-02
[jlens-gpu-4  11h32m +139.25s]   prompt 295/500  seq_len=128 n_valid=111  139s  max||J||/sqrt(d)=4.724  max_d_mean=6.40e-03
[jlens-gpu-7  11h33m +142.45s]   prompt 297/500  seq_len=128 n_valid=111  142s  max||J||/sqrt(d)=5.192  max_d_mean=7.63e-03
[jlens-gpu-4  11h34m +131.41s]   prompt 296/500  seq_len=128 n_valid=111  131s  max||J||/sqrt(d)=4.940  max_d_mean=7.01e-03
[jlens-gpu-7  11h35m +134.87s]   prompt 298/500  seq_len=128 n_valid=111  135s  max||J||/sqrt(d)=3.741  max_d_mean=5.82e-03
[jlens-gpu-4  11h36m +135.96s]   prompt 297/500  seq_len=128 n_valid=111  136s  max||J||/sqrt(d)=8.580  max_d_mean=1.28e-02
[jlens-gpu-7  11h37m +136.23s]   prompt 299/500  seq_len=128 n_valid=111  136s  max||J||/sqrt(d)=4.419  max_d_mean=6.02e-03
[jlens-gpu-4  11h39m +134.03s]   prompt 298/500  seq_len=128 n_valid=111  134s  max||J||/sqrt(d)=5.577  max_d_mean=8.32e-03
[jlens-gpu-7  11h39m +125.54s]   prompt 300/500  seq_len=128 n_valid=111  126s  max||J||/sqrt(d)=6.887  max_d_mean=9.68e-03
[jlens-gpu-4  11h41m +149.27s]   prompt 299/500  seq_len=128 n_valid=111  149s  max||J||/sqrt(d)=6.247  max_d_mean=9.04e-03
[jlens-gpu-7  11h42m +161.13s]   prompt 301/500  seq_len=128 n_valid=111  160s  max||J||/sqrt(d)=4.968  max_d_mean=7.02e-03
[jlens-gpu-4  11h44m +173.41s]   prompt 300/500  seq_len=128 n_valid=111  173s  max||J||/sqrt(d)=7.461  max_d_mean=1.10e-02
[jlens-gpu-7  11h45m +177.12s]   prompt 302/500  seq_len=128 n_valid=111  177s  max||J||/sqrt(d)=8.334  max_d_mean=1.22e-02
[jlens-gpu-4  11h47m +178.44s]   prompt 301/500  seq_len=128 n_valid=111  177s  max||J||/sqrt(d)=9.049  max_d_mean=1.33e-02
[jlens-gpu-7  11h48m +174.72s]   prompt 303/500  seq_len=128 n_valid=111  175s  max||J||/sqrt(d)=4.441  max_d_mean=6.55e-03
[jlens-gpu-4  11h50m +154.82s]   prompt 302/500  seq_len=128 n_valid=111  155s  max||J||/sqrt(d)=32.048  max_d_mean=4.84e-02
[jlens-gpu-7  11h50m +146.02s]   prompt 304/500  seq_len=128 n_valid=111  146s  max||J||/sqrt(d)=4.827  max_d_mean=6.72e-03
[jlens-gpu-4  11h52m +137.22s]   prompt 303/500  seq_len=128 n_valid=111  137s  max||J||/sqrt(d)=4.818  max_d_mean=6.58e-03
[jlens-gpu-7  11h52m +130.43s]   prompt 305/500  seq_len=128 n_valid=111  130s  max||J||/sqrt(d)=6.990  max_d_mean=9.94e-03
[jlens-gpu-4  11h54m +128.66s]   prompt 304/500  seq_len=128 n_valid=111  129s  max||J||/sqrt(d)=3.411  max_d_mean=4.93e-03
[jlens-gpu-7  11h55m +134.56s]   prompt 306/500  seq_len=128 n_valid=111  135s  max||J||/sqrt(d)=29.261  max_d_mean=4.46e-02
[jlens-gpu-4  11h56m +132.02s]   prompt 305/500  seq_len=128 n_valid=111  132s  max||J||/sqrt(d)=38.834  max_d_mean=5.82e-02
[jlens-gpu-7  11h57m +125.49s]   prompt 307/500  seq_len=128 n_valid=111  125s  max||J||/sqrt(d)=5.847  max_d_mean=7.80e-03
[jlens-gpu-4  11h58m +139.71s]   prompt 306/500  seq_len=128 n_valid=111  140s  max||J||/sqrt(d)=4.516  max_d_mean=5.78e-03
[jlens-gpu-7  11h59m +140.75s]   prompt 308/500  seq_len=128 n_valid=111  141s  max||J||/sqrt(d)=7.497  max_d_mean=1.04e-02
[jlens-gpu-4  12h01m +128.02s]   prompt 307/500  seq_len=128 n_valid=111  128s  max||J||/sqrt(d)=5.810  max_d_mean=7.83e-03
[jlens-gpu-7  12h01m +135.08s]   prompt 309/500  seq_len=128 n_valid=111  135s  max||J||/sqrt(d)=8.887  max_d_mean=1.33e-02
[jlens-gpu-4  12h03m +172.28s]   prompt 308/500  seq_len=128 n_valid=111  172s  max||J||/sqrt(d)=5.861  max_d_mean=7.91e-03
[jlens-gpu-7  12h04m +178.06s]   prompt 310/500  seq_len=128 n_valid=111  178s  max||J||/sqrt(d)=4.747  max_d_mean=6.74e-03
[jlens-gpu-4  12h06m +166.66s]   prompt 309/500  seq_len=128 n_valid=111  167s  max||J||/sqrt(d)=4.764  max_d_mean=6.41e-03
[jlens-gpu-7  12h07m +164.19s]   prompt 311/500  seq_len=128 n_valid=111  163s  max||J||/sqrt(d)=4.442  max_d_mean=6.03e-03
[jlens-gpu-4  12h09m +173.90s]   prompt 310/500  seq_len=128 n_valid=111  174s  max||J||/sqrt(d)=6.712  max_d_mean=9.30e-03
[jlens-gpu-7  12h10m +163.11s]   prompt 312/500  seq_len=128 n_valid=111  163s  max||J||/sqrt(d)=7.825  max_d_mean=1.06e-02
[jlens-gpu-4  12h11m +139.21s]   prompt 311/500  seq_len=128 n_valid=111  138s  max||J||/sqrt(d)=6.703  max_d_mean=9.29e-03
[jlens-gpu-7  12h12m +138.52s]   prompt 313/500  seq_len=128 n_valid=111  139s  max||J||/sqrt(d)=5.349  max_d_mean=7.63e-03
[jlens-gpu-4  12h14m +126.61s]   prompt 312/500  seq_len=128 n_valid=111  127s  max||J||/sqrt(d)=4.812  max_d_mean=6.26e-03
[jlens-gpu-7  12h14m +131.18s]   prompt 314/500  seq_len=128 n_valid=111  131s  max||J||/sqrt(d)=3.713  max_d_mean=5.10e-03
[jlens-gpu-4  12h16m +131.67s]   prompt 313/500  seq_len=128 n_valid=111  132s  max||J||/sqrt(d)=5.472  max_d_mean=7.02e-03
[jlens-gpu-7  12h16m +125.22s]   prompt 315/500  seq_len=128 n_valid=111  125s  max||J||/sqrt(d)=3.546  max_d_mean=4.73e-03
[jlens-gpu-4  12h18m +132.11s]   prompt 314/500  seq_len=128 n_valid=111  132s  max||J||/sqrt(d)=8.987  max_d_mean=1.23e-02
[jlens-gpu-7  12h19m +138.18s]   prompt 316/500  seq_len=128 n_valid=111  138s  max||J||/sqrt(d)=5.437  max_d_mean=7.69e-03
[jlens-gpu-4  12h20m +134.05s]   prompt 315/500  seq_len=128 n_valid=111  134s  max||J||/sqrt(d)=7.379  max_d_mean=9.79e-03
[jlens-gpu-7  12h21m +126.53s]   prompt 317/500  seq_len=128 n_valid=111  127s  max||J||/sqrt(d)=20.110  max_d_mean=2.95e-02
[jlens-gpu-4  12h23m +159.43s]   prompt 316/500  seq_len=128 n_valid=111  159s  max||J||/sqrt(d)=8.134  max_d_mean=1.13e-02
[jlens-gpu-7  12h24m +170.50s]   prompt 318/500  seq_len=128 n_valid=111  171s  max||J||/sqrt(d)=6.612  max_d_mean=9.44e-03
[jlens-gpu-4  12h26m +177.42s]   prompt 317/500  seq_len=128 n_valid=111  177s  max||J||/sqrt(d)=4.734  max_d_mean=6.25e-03
[jlens-gpu-7  12h27m +181.10s]   prompt 319/500  seq_len=128 n_valid=111  181s  max||J||/sqrt(d)=4.775  max_d_mean=6.75e-03
[jlens-gpu-4  12h29m +178.16s]   prompt 318/500  seq_len=128 n_valid=111  178s  max||J||/sqrt(d)=7.330  max_d_mean=9.83e-03
[jlens-gpu-7  12h29m +162.85s]   prompt 320/500  seq_len=128 n_valid=111  163s  max||J||/sqrt(d)=5.114  max_d_mean=7.00e-03
[jlens-gpu-4  12h31m +140.38s]   prompt 319/500  seq_len=128 n_valid=111  140s  max||J||/sqrt(d)=14.352  max_d_mean=2.02e-02
[jlens-gpu-7  12h32m +140.84s]   prompt 321/500  seq_len=128 n_valid=111  140s  max||J||/sqrt(d)=3.936  max_d_mean=5.63e-03
[jlens-gpu-4  12h33m +130.44s]   prompt 320/500  seq_len=128 n_valid=111  130s  max||J||/sqrt(d)=6.954  max_d_mean=9.03e-03
[jlens-gpu-7  12h34m +129.95s]   prompt 322/500  seq_len=128 n_valid=111  130s  max||J||/sqrt(d)=4.633  max_d_mean=6.12e-03
[jlens-gpu-4  12h36m +136.75s]   prompt 321/500  seq_len=128 n_valid=111  136s  max||J||/sqrt(d)=4.615  max_d_mean=6.08e-03
[jlens-gpu-7  12h36m +139.71s]   prompt 323/500  seq_len=128 n_valid=111  140s  max||J||/sqrt(d)=3.816  max_d_mean=4.96e-03
[jlens-gpu-4  12h38m +137.84s]   prompt 322/500  seq_len=128 n_valid=111  138s  max||J||/sqrt(d)=6.330  max_d_mean=7.93e-03
[jlens-gpu-7  12h38m +132.10s]   prompt 324/500  seq_len=128 n_valid=111  132s  max||J||/sqrt(d)=3.326  max_d_mean=4.12e-03
[jlens-gpu-4  12h40m +131.60s]   prompt 323/500  seq_len=128 n_valid=111  132s  max||J||/sqrt(d)=6.827  max_d_mean=8.91e-03
[jlens-gpu-7  12h41m +134.71s]   prompt 325/500  seq_len=128 n_valid=111  135s  max||J||/sqrt(d)=4.533  max_d_mean=6.20e-03
[jlens-gpu-4  12h42m +140.21s]   prompt 324/500  seq_len=128 n_valid=111  140s  max||J||/sqrt(d)=6.997  max_d_mean=8.87e-03
[jlens-gpu-7  12h43m +143.40s]   prompt 326/500  seq_len=128 n_valid=111  143s  max||J||/sqrt(d)=3.728  max_d_mean=4.80e-03
[jlens-gpu-4  12h45m +175.90s]   prompt 325/500  seq_len=128 n_valid=111  176s  max||J||/sqrt(d)=5.212  max_d_mean=7.00e-03
[jlens-gpu-7  12h46m +177.76s]   prompt 327/500  seq_len=128 n_valid=111  178s  max||J||/sqrt(d)=3.747  max_d_mean=4.87e-03
[jlens-gpu-4  12h48m +177.94s]   prompt 326/500  seq_len=128 n_valid=111  178s  max||J||/sqrt(d)=4.231  max_d_mean=5.47e-03
[jlens-gpu-7  12h49m +177.94s]   prompt 328/500  seq_len=128 n_valid=111  178s  max||J||/sqrt(d)=5.193  max_d_mean=6.76e-03
[jlens-gpu-4  12h51m +175.80s]   prompt 327/500  seq_len=128 n_valid=111  176s  max||J||/sqrt(d)=6.711  max_d_mean=8.66e-03
[jlens-gpu-7  12h52m +165.98s]   prompt 329/500  seq_len=128 n_valid=111  166s  max||J||/sqrt(d)=4.970  max_d_mean=6.54e-03
[jlens-gpu-4  12h53m +130.28s]   prompt 328/500  seq_len=128 n_valid=111  130s  max||J||/sqrt(d)=4.954  max_d_mean=6.56e-03
[jlens-gpu-7  12h54m +130.96s]   prompt 330/500  seq_len=128 n_valid=111  131s  max||J||/sqrt(d)=9.692  max_d_mean=1.37e-02
[jlens-gpu-4  12h56m +129.83s]   prompt 329/500  seq_len=128 n_valid=111  130s  max||J||/sqrt(d)=4.578  max_d_mean=5.85e-03
[jlens-gpu-7  12h56m +131.15s]   prompt 331/500  seq_len=128 n_valid=111  130s  max||J||/sqrt(d)=5.593  max_d_mean=7.35e-03
[jlens-gpu-4  12h58m +127.82s]   prompt 330/500  seq_len=128 n_valid=111  128s  max||J||/sqrt(d)=3.821  max_d_mean=5.00e-03
[jlens-gpu-7  12h58m +125.37s]   prompt 332/500  seq_len=128 n_valid=111  125s  max||J||/sqrt(d)=4.653  max_d_mean=6.08e-03
[jlens-gpu-4  13h00m +141.00s]   prompt 331/500  seq_len=128 n_valid=111  140s  max||J||/sqrt(d)=4.203  max_d_mean=5.16e-03
[jlens-gpu-7  13h01m +140.70s]   prompt 333/500  seq_len=128 n_valid=111  141s  max||J||/sqrt(d)=3.572  max_d_mean=4.27e-03
[jlens-gpu-4  13h02m +139.06s]   prompt 332/500  seq_len=128 n_valid=111  139s  max||J||/sqrt(d)=4.069  max_d_mean=4.93e-03
[jlens-gpu-7  13h03m +142.47s]   prompt 334/500  seq_len=128 n_valid=111  142s  max||J||/sqrt(d)=4.387  max_d_mean=5.85e-03
[jlens-gpu-4  13h05m +143.94s]   prompt 333/500  seq_len=128 n_valid=111  144s  max||J||/sqrt(d)=3.330  max_d_mean=4.04e-03
[jlens-gpu-7  13h05m +149.19s]   prompt 335/500  seq_len=128 n_valid=111  149s  max||J||/sqrt(d)=2.913  max_d_mean=3.87e-03
[jlens-gpu-4  13h08m +179.79s]   prompt 334/500  seq_len=128 n_valid=111  180s  max||J||/sqrt(d)=6.613  max_d_mean=8.51e-03
[jlens-gpu-7  13h08m +179.68s]   prompt 336/500  seq_len=128 n_valid=111  180s  max||J||/sqrt(d)=3.257  max_d_mean=4.44e-03
[jlens-gpu-4  13h11m +178.92s]   prompt 335/500  seq_len=128 n_valid=111  179s  max||J||/sqrt(d)=3.654  max_d_mean=4.52e-03
[jlens-gpu-7  13h11m +179.74s]   prompt 337/500  seq_len=128 n_valid=111  180s  max||J||/sqrt(d)=4.765  max_d_mean=5.82e-03
[jlens-gpu-4  13h13m +161.11s]   prompt 336/500  seq_len=128 n_valid=111  161s  max||J||/sqrt(d)=5.259  max_d_mean=6.47e-03
[jlens-gpu-7  13h14m +150.45s]   prompt 338/500  seq_len=128 n_valid=111  150s  max||J||/sqrt(d)=6.306  max_d_mean=8.61e-03
[jlens-gpu-4  13h16m +129.10s]   prompt 337/500  seq_len=128 n_valid=111  129s  max||J||/sqrt(d)=4.240  max_d_mean=5.52e-03
[jlens-gpu-7  13h16m +132.55s]   prompt 339/500  seq_len=128 n_valid=111  133s  max||J||/sqrt(d)=18.422  max_d_mean=2.56e-02
[jlens-gpu-4  13h18m +131.55s]   prompt 338/500  seq_len=128 n_valid=111  132s  max||J||/sqrt(d)=7.086  max_d_mean=9.42e-03
[jlens-gpu-7  13h18m +130.21s]   prompt 340/500  seq_len=128 n_valid=111  130s  max||J||/sqrt(d)=5.387  max_d_mean=7.11e-03
[jlens-gpu-4  13h20m +143.86s]   prompt 339/500  seq_len=128 n_valid=111  144s  max||J||/sqrt(d)=3.732  max_d_mean=4.50e-03
[jlens-gpu-7  13h21m +145.17s]   prompt 341/500  seq_len=128 n_valid=111  144s  max||J||/sqrt(d)=6.536  max_d_mean=8.20e-03
[jlens-gpu-4  13h22m +130.86s]   prompt 340/500  seq_len=128 n_valid=111  131s  max||J||/sqrt(d)=3.623  max_d_mean=4.08e-03
[jlens-gpu-7  13h23m +128.26s]   prompt 342/500  seq_len=128 n_valid=111  128s  max||J||/sqrt(d)=5.263  max_d_mean=6.32e-03
[jlens-gpu-4  13h25m +135.07s]   prompt 341/500  seq_len=128 n_valid=111  134s  max||J||/sqrt(d)=4.100  max_d_mean=4.96e-03
[jlens-gpu-7  13h25m +130.17s]   prompt 343/500  seq_len=128 n_valid=111  130s  max||J||/sqrt(d)=5.803  max_d_mean=7.12e-03
[jlens-gpu-4  13h27m +153.83s]   prompt 342/500  seq_len=128 n_valid=111  154s  max||J||/sqrt(d)=4.704  max_d_mean=5.58e-03
[jlens-gpu-7  13h28m +162.88s]   prompt 344/500  seq_len=128 n_valid=111  163s  max||J||/sqrt(d)=3.677  max_d_mean=4.46e-03
[jlens-gpu-4  13h30m +178.95s]   prompt 343/500  seq_len=128 n_valid=111  179s  max||J||/sqrt(d)=5.323  max_d_mean=6.48e-03
[jlens-gpu-7  13h31m +177.88s]   prompt 345/500  seq_len=128 n_valid=111  178s  max||J||/sqrt(d)=4.949  max_d_mean=6.05e-03
[jlens-gpu-4  13h33m +179.78s]   prompt 344/500  seq_len=128 n_valid=111  180s  max||J||/sqrt(d)=4.681  max_d_mean=6.06e-03
[jlens-gpu-7  13h34m +178.41s]   prompt 346/500  seq_len=128 n_valid=111  178s  max||J||/sqrt(d)=5.385  max_d_mean=6.76e-03
[jlens-gpu-4  13h35m +135.59s]   prompt 345/500  seq_len=128 n_valid=111  136s  max||J||/sqrt(d)=3.900  max_d_mean=4.46e-03
[jlens-gpu-7  13h36m +127.78s]   prompt 347/500  seq_len=128 n_valid=111  128s  max||J||/sqrt(d)=4.822  max_d_mean=5.96e-03
[jlens-gpu-4  13h38m +136.71s]   prompt 346/500  seq_len=128 n_valid=111  137s  max||J||/sqrt(d)=29.527  max_d_mean=3.89e-02
[jlens-gpu-7  13h38m +138.25s]   prompt 348/500  seq_len=128 n_valid=111  138s  max||J||/sqrt(d)=6.241  max_d_mean=7.74e-03
[jlens-gpu-4  13h40m +140.62s]   prompt 347/500  seq_len=128 n_valid=111  141s  max||J||/sqrt(d)=4.961  max_d_mean=5.95e-03
[jlens-gpu-7  13h40m +138.43s]   prompt 349/500  seq_len=128 n_valid=111  138s  max||J||/sqrt(d)=4.456  max_d_mean=5.37e-03
[jlens-gpu-4  13h42m +128.23s]   prompt 348/500  seq_len=128 n_valid=111  128s  max||J||/sqrt(d)=4.555  max_d_mean=5.58e-03
[jlens-gpu-7  13h43m +130.15s]   prompt 350/500  seq_len=128 n_valid=111  130s  max||J||/sqrt(d)=4.334  max_d_mean=4.96e-03
[jlens-gpu-4  13h45m +147.35s]   prompt 349/500  seq_len=128 n_valid=111  147s  max||J||/sqrt(d)=3.593  max_d_mean=4.14e-03
[jlens-gpu-7  13h45m +144.45s]   prompt 351/500  seq_len=128 n_valid=111  144s  max||J||/sqrt(d)=4.515  max_d_mean=5.39e-03
[jlens-gpu-4  13h47m +143.30s]   prompt 350/500  seq_len=128 n_valid=111  143s  max||J||/sqrt(d)=4.675  max_d_mean=5.67e-03
[jlens-gpu-7  13h48m +150.55s]   prompt 352/500  seq_len=128 n_valid=111  151s  max||J||/sqrt(d)=4.053  max_d_mean=4.90e-03
[jlens-gpu-4  13h50m +181.17s]   prompt 351/500  seq_len=128 n_valid=111  180s  max||J||/sqrt(d)=3.106  max_d_mean=4.11e-03
[jlens-gpu-7  13h51m +179.43s]   prompt 353/500  seq_len=128 n_valid=111  179s  max||J||/sqrt(d)=5.048  max_d_mean=6.11e-03
[jlens-gpu-4  13h53m +180.47s]   prompt 352/500  seq_len=128 n_valid=111  180s  max||J||/sqrt(d)=5.034  max_d_mean=5.87e-03
[jlens-gpu-7  13h53m +179.18s]   prompt 354/500  seq_len=128 n_valid=111  179s  max||J||/sqrt(d)=7.352  max_d_mean=9.37e-03
[jlens-gpu-4  13h56m +165.70s]   prompt 353/500  seq_len=128 n_valid=111  166s  max||J||/sqrt(d)=3.592  max_d_mean=3.91e-03
[jlens-gpu-7  13h56m +160.44s]   prompt 355/500  seq_len=128 n_valid=111  160s  max||J||/sqrt(d)=3.751  max_d_mean=4.47e-03
[jlens-gpu-4  13h58m +127.02s]   prompt 354/500  seq_len=128 n_valid=111  127s  max||J||/sqrt(d)=5.382  max_d_mean=6.55e-03
[jlens-gpu-7  13h58m +125.71s]   prompt 356/500  seq_len=128 n_valid=111  126s  max||J||/sqrt(d)=5.246  max_d_mean=6.12e-03
[jlens-gpu-4  14h00m +144.62s]   prompt 355/500  seq_len=128 n_valid=111  145s  max||J||/sqrt(d)=5.070  max_d_mean=5.78e-03
[jlens-gpu-7  14h01m +144.13s]   prompt 357/500  seq_len=128 n_valid=111  144s  max||J||/sqrt(d)=2.605  max_d_mean=3.10e-03
[jlens-gpu-4  14h02m +127.31s]   prompt 356/500  seq_len=128 n_valid=111  127s  max||J||/sqrt(d)=4.309  max_d_mean=4.90e-03
[jlens-gpu-7  14h03m +129.73s]   prompt 358/500  seq_len=128 n_valid=111  130s  max||J||/sqrt(d)=3.840  max_d_mean=4.43e-03
[jlens-gpu-4  14h05m +129.45s]   prompt 357/500  seq_len=128 n_valid=111  129s  max||J||/sqrt(d)=9.678  max_d_mean=1.19e-02
[jlens-gpu-7  14h05m +125.56s]   prompt 359/500  seq_len=128 n_valid=111  126s  max||J||/sqrt(d)=7.566  max_d_mean=9.36e-03
[jlens-gpu-4  14h07m +136.84s]   prompt 358/500  seq_len=128 n_valid=111  137s  max||J||/sqrt(d)=4.959  max_d_mean=5.66e-03
[jlens-gpu-7  14h07m +136.61s]   prompt 360/500  seq_len=128 n_valid=111  137s  max||J||/sqrt(d)=5.320  max_d_mean=6.24e-03
[jlens-gpu-4  14h10m +157.68s]   prompt 359/500  seq_len=106 n_valid=89  158s  max||J||/sqrt(d)=2.969  max_d_mean=3.45e-03
[jlens-gpu-7  14h10m +168.83s]   prompt 361/500  seq_len=128 n_valid=111  168s  max||J||/sqrt(d)=7.022  max_d_mean=8.50e-03
[jlens-gpu-4  14h13m +181.43s]   prompt 360/500  seq_len=128 n_valid=111  181s  max||J||/sqrt(d)=5.740  max_d_mean=7.11e-03
[jlens-gpu-7  14h13m +179.70s]   prompt 362/500  seq_len=128 n_valid=111  180s  max||J||/sqrt(d)=6.468  max_d_mean=7.70e-03
[jlens-gpu-4  14h15m +161.33s]   prompt 361/500  seq_len=128 n_valid=111  160s  max||J||/sqrt(d)=11.477  max_d_mean=1.43e-02
[jlens-gpu-7  14h16m +154.96s]   prompt 363/500  seq_len=118 n_valid=101  155s  max||J||/sqrt(d)=7.107  max_d_mean=8.36e-03
[jlens-gpu-4  14h17m +128.30s]   prompt 362/500  seq_len=128 n_valid=111  128s  max||J||/sqrt(d)=6.233  max_d_mean=7.02e-03
[jlens-gpu-7  14h18m +125.54s]   prompt 364/500  seq_len=128 n_valid=111  126s  max||J||/sqrt(d)=4.836  max_d_mean=5.34e-03
[jlens-gpu-4  14h20m +138.89s]   prompt 363/500  seq_len=128 n_valid=111  139s  max||J||/sqrt(d)=3.298  max_d_mean=4.05e-03
[jlens-gpu-7  14h20m +140.04s]   prompt 365/500  seq_len=128 n_valid=111  140s  max||J||/sqrt(d)=4.960  max_d_mean=5.80e-03
[jlens-gpu-4  14h22m +128.64s]   prompt 364/500  seq_len=128 n_valid=111  129s  max||J||/sqrt(d)=5.774  max_d_mean=7.00e-03
[jlens-gpu-7  14h22m +125.81s]   prompt 366/500  seq_len=128 n_valid=111  126s  max||J||/sqrt(d)=4.160  max_d_mean=4.75e-03
[jlens-gpu-4  14h24m +138.13s]   prompt 365/500  seq_len=128 n_valid=111  138s  max||J||/sqrt(d)=6.465  max_d_mean=7.74e-03
[jlens-gpu-7  14h24m +139.46s]   prompt 367/500  seq_len=128 n_valid=111  139s  max||J||/sqrt(d)=5.912  max_d_mean=7.08e-03
[jlens-gpu-4  14h27m +142.34s]   prompt 366/500  seq_len=120 n_valid=103  142s  max||J||/sqrt(d)=5.613  max_d_mean=6.38e-03
[jlens-gpu-7  14h27m +140.99s]   prompt 368/500  seq_len=126 n_valid=109  141s  max||J||/sqrt(d)=3.852  max_d_mean=4.27e-03
[jlens-gpu-4  14h29m +161.48s]   prompt 367/500  seq_len=128 n_valid=111  161s  max||J||/sqrt(d)=5.523  max_d_mean=6.17e-03
[jlens-gpu-7  14h30m +166.08s]   prompt 369/500  seq_len=128 n_valid=111  166s  max||J||/sqrt(d)=11.868  max_d_mean=1.50e-02
[jlens-gpu-4  14h32m +179.94s]   prompt 368/500  seq_len=128 n_valid=111  180s  max||J||/sqrt(d)=4.087  max_d_mean=4.31e-03
[jlens-gpu-7  14h33m +179.99s]   prompt 370/500  seq_len=128 n_valid=111  180s  max||J||/sqrt(d)=3.988  max_d_mean=4.45e-03
[jlens-gpu-4  14h35m +175.94s]   prompt 369/500  seq_len=128 n_valid=111  176s  max||J||/sqrt(d)=5.751  max_d_mean=6.60e-03
[jlens-gpu-7  14h35m +170.33s]   prompt 371/500  seq_len=128 n_valid=111  170s  max||J||/sqrt(d)=4.280  max_d_mean=5.06e-03
[jlens-gpu-4  14h38m +142.89s]   prompt 370/500  seq_len=128 n_valid=111  143s  max||J||/sqrt(d)=6.147  max_d_mean=7.08e-03
[jlens-gpu-7  14h38m +142.21s]   prompt 372/500  seq_len=128 n_valid=111  142s  max||J||/sqrt(d)=5.742  max_d_mean=6.83e-03
[jlens-gpu-4  14h40m +133.63s]   prompt 371/500  seq_len=128 n_valid=111  133s  max||J||/sqrt(d)=5.294  max_d_mean=6.04e-03
[jlens-gpu-7  14h40m +132.00s]   prompt 373/500  seq_len=128 n_valid=111  132s  max||J||/sqrt(d)=4.444  max_d_mean=5.01e-03
[jlens-gpu-4  14h42m +141.56s]   prompt 372/500  seq_len=128 n_valid=111  142s  max||J||/sqrt(d)=6.222  max_d_mean=6.78e-03
[jlens-gpu-7  14h42m +141.55s]   prompt 374/500  seq_len=128 n_valid=111  142s  max||J||/sqrt(d)=7.002  max_d_mean=8.16e-03
[jlens-gpu-4  14h44m +130.11s]   prompt 373/500  seq_len=128 n_valid=111  130s  max||J||/sqrt(d)=8.600  max_d_mean=1.03e-02
[jlens-gpu-7  14h45m +130.84s]   prompt 375/500  seq_len=128 n_valid=111  131s  max||J||/sqrt(d)=4.974  max_d_mean=5.79e-03
[jlens-gpu-4  14h46m +129.71s]   prompt 374/500  seq_len=128 n_valid=111  130s  max||J||/sqrt(d)=4.633  max_d_mean=5.24e-03
[jlens-gpu-7  14h47m +129.60s]   prompt 376/500  seq_len=128 n_valid=111  130s  max||J||/sqrt(d)=5.696  max_d_mean=6.76e-03
[jlens-gpu-4  14h49m +152.60s]   prompt 375/500  seq_len=128 n_valid=111  153s  max||J||/sqrt(d)=4.550  max_d_mean=4.93e-03
[jlens-gpu-7  14h49m +156.13s]   prompt 377/500  seq_len=128 n_valid=111  156s  max||J||/sqrt(d)=3.581  max_d_mean=4.25e-03
[jlens-gpu-4  14h52m +179.91s]   prompt 376/500  seq_len=128 n_valid=111  180s  max||J||/sqrt(d)=5.288  max_d_mean=6.16e-03
[jlens-gpu-7  14h52m +180.25s]   prompt 378/500  seq_len=128 n_valid=111  180s  max||J||/sqrt(d)=4.256  max_d_mean=4.73e-03
[jlens-gpu-4  14h55m +181.88s]   prompt 377/500  seq_len=128 n_valid=111  182s  max||J||/sqrt(d)=4.891  max_d_mean=5.30e-03
[jlens-gpu-7  14h55m +181.25s]   prompt 379/500  seq_len=128 n_valid=111  181s  max||J||/sqrt(d)=4.941  max_d_mean=5.47e-03
[jlens-gpu-4  14h57m +143.46s]   prompt 378/500  seq_len=128 n_valid=111  143s  max||J||/sqrt(d)=6.305  max_d_mean=7.09e-03
[jlens-gpu-7  14h58m +140.08s]   prompt 380/500  seq_len=128 n_valid=111  140s  max||J||/sqrt(d)=6.538  max_d_mean=7.39e-03
[jlens-gpu-4  15h00m +131.78s]   prompt 379/500  seq_len=128 n_valid=111  132s  max||J||/sqrt(d)=5.247  max_d_mean=5.61e-03
[jlens-gpu-7  15h00m +131.33s]   prompt 381/500  seq_len=128 n_valid=111  131s  max||J||/sqrt(d)=10.550  max_d_mean=1.25e-02
[jlens-gpu-4  15h02m +145.17s]   prompt 380/500  seq_len=128 n_valid=111  145s  max||J||/sqrt(d)=3.166  max_d_mean=3.71e-03
[jlens-gpu-7  15h02m +145.26s]   prompt 382/500  seq_len=128 n_valid=111  145s  max||J||/sqrt(d)=5.831  max_d_mean=6.40e-03
[jlens-gpu-4  15h04m +142.26s]   prompt 381/500  seq_len=128 n_valid=111  141s  max||J||/sqrt(d)=3.400  max_d_mean=3.83e-03
[jlens-gpu-7  15h05m +140.57s]   prompt 383/500  seq_len=128 n_valid=111  141s  max||J||/sqrt(d)=5.476  max_d_mean=6.29e-03
[jlens-gpu-4  15h07m +147.91s]   prompt 382/500  seq_len=128 n_valid=111  148s  max||J||/sqrt(d)=9.627  max_d_mean=1.14e-02
[jlens-gpu-7  15h07m +147.83s]   prompt 384/500  seq_len=128 n_valid=111  148s  max||J||/sqrt(d)=3.057  max_d_mean=3.72e-03
[jlens-gpu-4  15h09m +146.97s]   prompt 383/500  seq_len=128 n_valid=111  147s  max||J||/sqrt(d)=4.422  max_d_mean=5.04e-03
[jlens-gpu-7  15h10m +150.67s]   prompt 385/500  seq_len=128 n_valid=111  151s  max||J||/sqrt(d)=6.485  max_d_mean=7.58e-03
[jlens-gpu-4  15h12m +178.82s]   prompt 384/500  seq_len=128 n_valid=111  179s  max||J||/sqrt(d)=3.599  max_d_mean=3.71e-03
[jlens-gpu-7  15h13m +180.55s]   prompt 386/500  seq_len=128 n_valid=111  181s  max||J||/sqrt(d)=5.734  max_d_mean=6.66e-03
[jlens-gpu-4  15h15m +181.77s]   prompt 385/500  seq_len=128 n_valid=111  182s  max||J||/sqrt(d)=4.958  max_d_mean=5.45e-03
[jlens-gpu-7  15h16m +182.15s]   prompt 387/500  seq_len=128 n_valid=111  182s  max||J||/sqrt(d)=7.136  max_d_mean=8.35e-03
[jlens-gpu-4  15h18m +170.52s]   prompt 386/500  seq_len=128 n_valid=111  171s  max||J||/sqrt(d)=4.467  max_d_mean=4.68e-03
[jlens-gpu-7  15h18m +166.35s]   prompt 388/500  seq_len=128 n_valid=111  166s  max||J||/sqrt(d)=5.864  max_d_mean=6.50e-03
[jlens-gpu-4  15h21m +144.62s]   prompt 387/500  seq_len=128 n_valid=111  145s  max||J||/sqrt(d)=6.096  max_d_mean=6.87e-03
[jlens-gpu-7  15h21m +144.51s]   prompt 389/500  seq_len=128 n_valid=111  145s  max||J||/sqrt(d)=5.823  max_d_mean=6.56e-03
[jlens-gpu-4  15h23m +126.87s]   prompt 388/500  seq_len=128 n_valid=111  127s  max||J||/sqrt(d)=3.533  max_d_mean=3.89e-03
[jlens-gpu-7  15h23m +128.04s]   prompt 390/500  seq_len=128 n_valid=111  128s  max||J||/sqrt(d)=5.060  max_d_mean=5.28e-03
[jlens-gpu-4  15h25m +147.00s]   prompt 389/500  seq_len=128 n_valid=111  147s  max||J||/sqrt(d)=4.937  max_d_mean=5.47e-03
[jlens-gpu-7  15h25m +145.72s]   prompt 391/500  seq_len=128 n_valid=111  145s  max||J||/sqrt(d)=8.185  max_d_mean=9.49e-03
[jlens-gpu-4  15h27m +128.61s]   prompt 390/500  seq_len=128 n_valid=111  129s  max||J||/sqrt(d)=4.905  max_d_mean=5.07e-03
[jlens-gpu-7  15h27m +128.51s]   prompt 392/500  seq_len=128 n_valid=111  129s  max||J||/sqrt(d)=6.279  max_d_mean=7.19e-03
[jlens-gpu-4  15h30m +144.48s]   prompt 391/500  seq_len=128 n_valid=111  144s  max||J||/sqrt(d)=4.848  max_d_mean=5.31e-03
[jlens-gpu-7  15h30m +143.21s]   prompt 393/500  seq_len=128 n_valid=111  143s  max||J||/sqrt(d)=5.307  max_d_mean=5.72e-03
[jlens-gpu-4  15h32m +164.69s]   prompt 392/500  seq_len=128 n_valid=111  165s  max||J||/sqrt(d)=3.447  max_d_mean=3.79e-03
[jlens-gpu-7  15h33m +168.49s]   prompt 394/500  seq_len=128 n_valid=111  168s  max||J||/sqrt(d)=4.129  max_d_mean=4.69e-03
[jlens-gpu-4  15h35m +181.63s]   prompt 393/500  seq_len=128 n_valid=111  182s  max||J||/sqrt(d)=5.633  max_d_mean=6.43e-03
[jlens-gpu-7  15h36m +181.59s]   prompt 395/500  seq_len=128 n_valid=111  182s  max||J||/sqrt(d)=6.044  max_d_mean=6.87e-03
[jlens-gpu-4  15h38m +181.13s]   prompt 394/500  seq_len=128 n_valid=111  181s  max||J||/sqrt(d)=3.096  max_d_mean=3.32e-03
[jlens-gpu-7  15h39m +181.19s]   prompt 396/500  seq_len=128 n_valid=111  181s  max||J||/sqrt(d)=6.690  max_d_mean=7.27e-03
[jlens-gpu-4  15h41m +155.10s]   prompt 395/500  seq_len=128 n_valid=111  155s  max||J||/sqrt(d)=4.868  max_d_mean=5.03e-03
[jlens-gpu-7  15h41m +151.32s]   prompt 397/500  seq_len=128 n_valid=111  151s  max||J||/sqrt(d)=6.196  max_d_mean=7.00e-03
[jlens-gpu-4  15h43m +126.26s]   prompt 396/500  seq_len=128 n_valid=111  126s  max||J||/sqrt(d)=3.948  max_d_mean=4.28e-03
[jlens-gpu-7  15h43m +126.86s]   prompt 398/500  seq_len=128 n_valid=111  127s  max||J||/sqrt(d)=7.643  max_d_mean=8.29e-03
[jlens-gpu-4  15h45m +135.19s]   prompt 397/500  seq_len=128 n_valid=111  135s  max||J||/sqrt(d)=7.460  max_d_mean=8.37e-03
[jlens-gpu-7  15h46m +133.13s]   prompt 399/500  seq_len=128 n_valid=111  133s  max||J||/sqrt(d)=4.101  max_d_mean=4.69e-03
[jlens-gpu-4  15h48m +146.78s]   prompt 398/500  seq_len=128 n_valid=111  147s  max||J||/sqrt(d)=3.853  max_d_mean=4.22e-03
[jlens-gpu-7  15h48m +146.55s]   prompt 400/500  seq_len=128 n_valid=111  147s  max||J||/sqrt(d)=5.337  max_d_mean=5.82e-03
[jlens-gpu-4  15h50m +141.16s]   prompt 399/500  seq_len=128 n_valid=111  141s  max||J||/sqrt(d)=5.286  max_d_mean=5.59e-03
[jlens-gpu-7  15h50m +141.37s]   prompt 401/500  seq_len=128 n_valid=111  141s  max||J||/sqrt(d)=9.298  max_d_mean=1.06e-02
[jlens-gpu-4  15h53m +153.65s]   prompt 400/500  seq_len=128 n_valid=111  154s  max||J||/sqrt(d)=7.835  max_d_mean=8.70e-03
[jlens-gpu-7  15h53m +155.82s]   prompt 402/500  seq_len=128 n_valid=111  156s  max||J||/sqrt(d)=6.108  max_d_mean=6.69e-03
[jlens-gpu-4  15h56m +180.37s]   prompt 401/500  seq_len=128 n_valid=111  180s  max||J||/sqrt(d)=6.667  max_d_mean=7.36e-03
[jlens-gpu-7  15h56m +179.60s]   prompt 403/500  seq_len=128 n_valid=111  180s  max||J||/sqrt(d)=3.622  max_d_mean=3.61e-03
[jlens-gpu-4  15h59m +182.13s]   prompt 402/500  seq_len=128 n_valid=111  182s  max||J||/sqrt(d)=5.413  max_d_mean=5.87e-03
[jlens-gpu-7  15h59m +181.62s]   prompt 404/500  seq_len=128 n_valid=111  182s  max||J||/sqrt(d)=9.070  max_d_mean=1.02e-02
[jlens-gpu-4  16h01m +155.59s]   prompt 403/500  seq_len=128 n_valid=111  156s  max||J||/sqrt(d)=8.957  max_d_mean=9.89e-03
[jlens-gpu-7  16h02m +153.00s]   prompt 405/500  seq_len=128 n_valid=111  153s  max||J||/sqrt(d)=8.594  max_d_mean=9.65e-03
[jlens-gpu-4  16h04m +134.14s]   prompt 404/500  seq_len=128 n_valid=111  134s  max||J||/sqrt(d)=15.183  max_d_mean=1.73e-02
[jlens-gpu-7  16h04m +134.69s]   prompt 406/500  seq_len=128 n_valid=111  135s  max||J||/sqrt(d)=5.299  max_d_mean=5.41e-03
[jlens-gpu-4  16h06m +127.77s]   prompt 405/500  seq_len=128 n_valid=111  128s  max||J||/sqrt(d)=3.552  max_d_mean=3.82e-03
[jlens-gpu-7  16h06m +126.24s]   prompt 407/500  seq_len=128 n_valid=111  126s  max||J||/sqrt(d)=37.086  max_d_mean=4.28e-02
[jlens-gpu-4  16h08m +134.65s]   prompt 406/500  seq_len=128 n_valid=111  135s  max||J||/sqrt(d)=4.757  max_d_mean=5.14e-03
[jlens-gpu-7  16h08m +134.27s]   prompt 408/500  seq_len=128 n_valid=111  134s  max||J||/sqrt(d)=6.425  max_d_mean=7.06e-03
[jlens-gpu-4  16h10m +127.34s]   prompt 407/500  seq_len=128 n_valid=111  127s  max||J||/sqrt(d)=4.960  max_d_mean=5.20e-03
[jlens-gpu-7  16h10m +125.98s]   prompt 409/500  seq_len=128 n_valid=111  126s  max||J||/sqrt(d)=5.014  max_d_mean=5.60e-03
[jlens-gpu-4  16h13m +160.52s]   prompt 408/500  seq_len=128 n_valid=111  161s  max||J||/sqrt(d)=4.071  max_d_mean=4.16e-03
[jlens-gpu-7  16h13m +162.02s]   prompt 410/500  seq_len=128 n_valid=111  162s  max||J||/sqrt(d)=3.817  max_d_mean=4.06e-03
[jlens-gpu-4  16h16m +168.34s]   prompt 409/500  seq_len=128 n_valid=111  168s  max||J||/sqrt(d)=6.866  max_d_mean=7.30e-03
[jlens-gpu-7  16h16m +170.17s]   prompt 411/500  seq_len=128 n_valid=111  169s  max||J||/sqrt(d)=5.779  max_d_mean=6.17e-03
[jlens-gpu-4  16h19m +182.80s]   prompt 410/500  seq_len=128 n_valid=111  183s  max||J||/sqrt(d)=5.243  max_d_mean=5.40e-03
[jlens-gpu-7  16h19m +182.27s]   prompt 412/500  seq_len=128 n_valid=111  182s  max||J||/sqrt(d)=5.341  max_d_mean=5.40e-03
[jlens-gpu-4  16h21m +154.61s]   prompt 411/500  seq_len=128 n_valid=111  154s  max||J||/sqrt(d)=7.472  max_d_mean=7.98e-03
[jlens-gpu-7  16h21m +151.47s]   prompt 413/500  seq_len=128 n_valid=111  151s  max||J||/sqrt(d)=3.037  max_d_mean=3.26e-03
[jlens-gpu-4  16h24m +139.06s]   prompt 412/500  seq_len=128 n_valid=111  139s  max||J||/sqrt(d)=4.905  max_d_mean=5.05e-03
[jlens-gpu-7  16h24m +138.88s]   prompt 414/500  seq_len=128 n_valid=111  139s  max||J||/sqrt(d)=4.785  max_d_mean=4.96e-03
[jlens-gpu-4  16h26m +126.08s]   prompt 413/500  seq_len=128 n_valid=111  126s  max||J||/sqrt(d)=3.610  max_d_mean=3.87e-03
[jlens-gpu-7  16h26m +126.01s]   prompt 415/500  seq_len=128 n_valid=111  126s  max||J||/sqrt(d)=5.799  max_d_mean=6.31e-03
[jlens-gpu-4  16h28m +126.04s]   prompt 414/500  seq_len=128 n_valid=111  126s  max||J||/sqrt(d)=3.640  max_d_mean=3.61e-03
[jlens-gpu-7  16h28m +125.64s]   prompt 416/500  seq_len=128 n_valid=111  126s  max||J||/sqrt(d)=4.449  max_d_mean=4.54e-03
[jlens-gpu-4  16h30m +146.17s]   prompt 415/500  seq_len=128 n_valid=111  146s  max||J||/sqrt(d)=10.167  max_d_mean=1.12e-02
[jlens-gpu-7  16h30m +145.29s]   prompt 417/500  seq_len=128 n_valid=111  145s  max||J||/sqrt(d)=6.038  max_d_mean=6.60e-03
[jlens-gpu-4  16h33m +158.89s]   prompt 416/500  seq_len=128 n_valid=111  159s  max||J||/sqrt(d)=5.160  max_d_mean=5.45e-03
[jlens-gpu-7  16h33m +160.10s]   prompt 418/500  seq_len=128 n_valid=111  160s  max||J||/sqrt(d)=4.433  max_d_mean=4.56e-03
[jlens-gpu-4  16h36m +181.31s]   prompt 417/500  seq_len=128 n_valid=111  181s  max||J||/sqrt(d)=3.062  max_d_mean=3.13e-03
[jlens-gpu-7  16h36m +181.21s]   prompt 419/500  seq_len=128 n_valid=111  181s  max||J||/sqrt(d)=5.408  max_d_mean=5.91e-03
[jlens-gpu-4  16h39m +183.50s]   prompt 418/500  seq_len=128 n_valid=111  184s  max||J||/sqrt(d)=3.861  max_d_mean=3.77e-03
[jlens-gpu-7  16h39m +183.65s]   prompt 420/500  seq_len=128 n_valid=111  184s  max||J||/sqrt(d)=5.638  max_d_mean=6.01e-03
[jlens-gpu-4  16h42m +169.59s]   prompt 419/500  seq_len=128 n_valid=111  170s  max||J||/sqrt(d)=4.736  max_d_mean=4.65e-03
[jlens-gpu-7  16h42m +168.37s]   prompt 421/500  seq_len=128 n_valid=111  168s  max||J||/sqrt(d)=13.432  max_d_mean=1.48e-02
[jlens-gpu-4  16h44m +150.15s]   prompt 420/500  seq_len=128 n_valid=111  150s  max||J||/sqrt(d)=3.946  max_d_mean=4.01e-03
[jlens-gpu-7  16h44m +150.40s]   prompt 422/500  seq_len=128 n_valid=111  150s  max||J||/sqrt(d)=5.437  max_d_mean=5.68e-03
[jlens-gpu-4  16h46m +127.63s]   prompt 421/500  seq_len=128 n_valid=111  127s  max||J||/sqrt(d)=3.167  max_d_mean=3.27e-03
[jlens-gpu-7  16h46m +126.95s]   prompt 423/500  seq_len=128 n_valid=111  127s  max||J||/sqrt(d)=6.076  max_d_mean=6.25e-03
[jlens-gpu-4  16h48m +125.87s]   prompt 422/500  seq_len=128 n_valid=111  126s  max||J||/sqrt(d)=5.808  max_d_mean=6.08e-03
[jlens-gpu-7  16h49m +125.27s]   prompt 424/500  seq_len=128 n_valid=111  125s  max||J||/sqrt(d)=4.901  max_d_mean=4.94e-03
[jlens-gpu-4  16h51m +146.68s]   prompt 423/500  seq_len=128 n_valid=111  147s  max||J||/sqrt(d)=3.785  max_d_mean=3.66e-03
[jlens-gpu-7  16h51m +146.32s]   prompt 425/500  seq_len=128 n_valid=111  146s  max||J||/sqrt(d)=5.217  max_d_mean=5.41e-03
[jlens-gpu-4  16h54m +157.48s]   prompt 424/500  seq_len=128 n_valid=111  157s  max||J||/sqrt(d)=3.481  max_d_mean=3.35e-03
[jlens-gpu-7  16h54m +157.88s]   prompt 426/500  seq_len=128 n_valid=111  158s  max||J||/sqrt(d)=3.543  max_d_mean=3.65e-03
[jlens-gpu-4  16h57m +183.22s]   prompt 425/500  seq_len=128 n_valid=111  183s  max||J||/sqrt(d)=3.949  max_d_mean=3.81e-03
[jlens-gpu-7  16h57m +183.13s]   prompt 427/500  seq_len=128 n_valid=111  183s  max||J||/sqrt(d)=3.915  max_d_mean=4.15e-03
[jlens-gpu-4  17h00m +183.80s]   prompt 426/500  seq_len=128 n_valid=111  184s  max||J||/sqrt(d)=5.409  max_d_mean=5.38e-03
[jlens-gpu-7  17h00m +183.96s]   prompt 428/500  seq_len=128 n_valid=111  184s  max||J||/sqrt(d)=4.208  max_d_mean=4.06e-03
[jlens-gpu-4  17h02m +161.91s]   prompt 427/500  seq_len=128 n_valid=111  162s  max||J||/sqrt(d)=4.096  max_d_mean=4.00e-03
[jlens-gpu-7  17h02m +161.41s]   prompt 429/500  seq_len=128 n_valid=111  161s  max||J||/sqrt(d)=4.117  max_d_mean=4.08e-03
[jlens-gpu-4  17h05m +144.14s]   prompt 428/500  seq_len=128 n_valid=111  144s  max||J||/sqrt(d)=3.835  max_d_mean=3.68e-03
[jlens-gpu-7  17h05m +143.52s]   prompt 430/500  seq_len=128 n_valid=111  144s  max||J||/sqrt(d)=4.627  max_d_mean=4.42e-03
[jlens-gpu-4  17h07m +132.78s]   prompt 429/500  seq_len=128 n_valid=111  133s  max||J||/sqrt(d)=3.655  max_d_mean=3.37e-03
[jlens-gpu-7  17h07m +132.31s]   prompt 431/500  seq_len=128 n_valid=111  132s  max||J||/sqrt(d)=5.472  max_d_mean=5.95e-03
[jlens-gpu-7  17h09m +147.78s]   prompt 432/500  seq_len=128 n_valid=111  148s  max||J||/sqrt(d)=4.709  max_d_mean=4.66e-03
[jlens-gpu-4  17h09m +148.69s]   prompt 430/500  seq_len=128 n_valid=111  149s  max||J||/sqrt(d)=9.473  max_d_mean=9.89e-03
[jlens-gpu-7  17h12m +134.16s]   prompt 433/500  seq_len=128 n_valid=111  134s  max||J||/sqrt(d)=4.779  max_d_mean=4.84e-03
[jlens-gpu-4  17h12m +135.70s]   prompt 431/500  seq_len=128 n_valid=111  135s  max||J||/sqrt(d)=24.054  max_d_mean=2.59e-02
[jlens-gpu-7  17h14m +143.31s]   prompt 434/500  seq_len=128 n_valid=111  143s  max||J||/sqrt(d)=5.578  max_d_mean=5.89e-03
[jlens-gpu-4  17h14m +143.74s]   prompt 432/500  seq_len=128 n_valid=111  144s  max||J||/sqrt(d)=3.710  max_d_mean=3.16e-03
[jlens-gpu-7  17h16m +126.08s]   prompt 435/500  seq_len=128 n_valid=111  126s  max||J||/sqrt(d)=6.468  max_d_mean=6.49e-03
[jlens-gpu-4  17h16m +127.30s]   prompt 433/500  seq_len=128 n_valid=111  127s  max||J||/sqrt(d)=6.557  max_d_mean=6.55e-03
[jlens-gpu-7  17h18m +131.38s]   prompt 436/500  seq_len=128 n_valid=111  131s  max||J||/sqrt(d)=4.333  max_d_mean=4.14e-03
[jlens-gpu-4  17h18m +132.52s]   prompt 434/500  seq_len=128 n_valid=111  133s  max||J||/sqrt(d)=5.292  max_d_mean=4.83e-03
[jlens-gpu-7  17h21m +135.42s]   prompt 437/500  seq_len=128 n_valid=111  135s  max||J||/sqrt(d)=171.944  max_d_mean=1.86e-01
[jlens-gpu-4  17h21m +137.67s]   prompt 435/500  seq_len=128 n_valid=111  138s  max||J||/sqrt(d)=3.626  max_d_mean=3.38e-03
[jlens-gpu-7  17h23m +140.25s]   prompt 438/500  seq_len=128 n_valid=111  140s  max||J||/sqrt(d)=4.027  max_d_mean=4.16e-03
[jlens-gpu-4  17h23m +139.90s]   prompt 436/500  seq_len=124 n_valid=107  140s  max||J||/sqrt(d)=2.881  max_d_mean=2.78e-03
[jlens-gpu-7  17h25m +136.39s]   prompt 439/500  seq_len=128 n_valid=111  136s  max||J||/sqrt(d)=5.350  max_d_mean=5.06e-03
[jlens-gpu-4  17h25m +137.15s]   prompt 437/500  seq_len=128 n_valid=111  137s  max||J||/sqrt(d)=4.910  max_d_mean=4.75e-03
[jlens-gpu-7  17h28m +136.70s]   prompt 440/500  seq_len=128 n_valid=111  137s  max||J||/sqrt(d)=4.891  max_d_mean=4.56e-03
[jlens-gpu-4  17h28m +138.20s]   prompt 438/500  seq_len=128 n_valid=111  138s  max||J||/sqrt(d)=7.300  max_d_mean=7.44e-03
[jlens-gpu-7  17h30m +125.63s]   prompt 441/500  seq_len=128 n_valid=111  125s  max||J||/sqrt(d)=4.906  max_d_mean=4.77e-03
[jlens-gpu-4  17h30m +124.09s]   prompt 439/500  seq_len=125 n_valid=108  124s  max||J||/sqrt(d)=3.586  max_d_mean=3.31e-03
[jlens-gpu-7  17h32m +123.85s]   prompt 442/500  seq_len=128 n_valid=111  124s  max||J||/sqrt(d)=5.949  max_d_mean=5.83e-03
[jlens-gpu-4  17h32m +124.60s]   prompt 440/500  seq_len=128 n_valid=111  125s  max||J||/sqrt(d)=3.374  max_d_mean=3.04e-03
[jlens-gpu-7  17h34m +141.06s]   prompt 443/500  seq_len=128 n_valid=111  141s  max||J||/sqrt(d)=4.089  max_d_mean=3.78e-03
[jlens-gpu-4  17h34m +142.69s]   prompt 441/500  seq_len=128 n_valid=111  142s  max||J||/sqrt(d)=6.091  max_d_mean=5.74e-03
[jlens-gpu-7  17h36m +129.79s]   prompt 444/500  seq_len=128 n_valid=111  130s  max||J||/sqrt(d)=5.422  max_d_mean=5.28e-03
[jlens-gpu-4  17h36m +131.55s]   prompt 442/500  seq_len=128 n_valid=111  132s  max||J||/sqrt(d)=4.389  max_d_mean=4.08e-03
[jlens-gpu-7  17h38m +129.00s]   prompt 445/500  seq_len=128 n_valid=111  129s  max||J||/sqrt(d)=20.635  max_d_mean=2.14e-02
[jlens-gpu-4  17h39m +129.28s]   prompt 443/500  seq_len=128 n_valid=111  129s  max||J||/sqrt(d)=3.160  max_d_mean=3.54e-03
[jlens-gpu-7  17h41m +138.46s]   prompt 446/500  seq_len=128 n_valid=111  138s  max||J||/sqrt(d)=3.215  max_d_mean=2.97e-03
[jlens-gpu-4  17h41m +138.66s]   prompt 444/500  seq_len=128 n_valid=111  139s  max||J||/sqrt(d)=2.311  max_d_mean=2.45e-03
[jlens-gpu-7  17h43m +131.28s]   prompt 447/500  seq_len=128 n_valid=111  131s  max||J||/sqrt(d)=5.520  max_d_mean=5.08e-03
[jlens-gpu-4  17h43m +131.32s]   prompt 445/500  seq_len=128 n_valid=111  131s  max||J||/sqrt(d)=4.865  max_d_mean=4.57e-03
[jlens-gpu-7  17h45m +130.17s]   prompt 448/500  seq_len=128 n_valid=111  130s  max||J||/sqrt(d)=4.638  max_d_mean=4.27e-03
[jlens-gpu-4  17h45m +131.84s]   prompt 446/500  seq_len=128 n_valid=111  132s  max||J||/sqrt(d)=5.026  max_d_mean=4.78e-03
[jlens-gpu-7  17h47m +133.66s]   prompt 449/500  seq_len=128 n_valid=111  134s  max||J||/sqrt(d)=5.985  max_d_mean=5.73e-03
[jlens-gpu-4  17h47m +135.62s]   prompt 447/500  seq_len=128 n_valid=111  136s  max||J||/sqrt(d)=16.222  max_d_mean=1.68e-02
[jlens-gpu-7  17h50m +138.48s]   prompt 450/500  seq_len=128 n_valid=111  138s  max||J||/sqrt(d)=5.342  max_d_mean=5.24e-03
[jlens-gpu-4  17h50m +138.33s]   prompt 448/500  seq_len=128 n_valid=111  138s  max||J||/sqrt(d)=4.776  max_d_mean=4.54e-03
[jlens-gpu-7  17h52m +130.17s]   prompt 451/500  seq_len=124 n_valid=107  129s  max||J||/sqrt(d)=4.825  max_d_mean=4.34e-03
[jlens-gpu-4  17h52m +131.87s]   prompt 449/500  seq_len=128 n_valid=111  132s  max||J||/sqrt(d)=4.700  max_d_mean=4.43e-03
[jlens-gpu-7  17h54m +135.52s]   prompt 452/500  seq_len=128 n_valid=111  136s  max||J||/sqrt(d)=7.658  max_d_mean=7.64e-03
[jlens-gpu-4  17h54m +135.90s]   prompt 450/500  seq_len=128 n_valid=111  136s  max||J||/sqrt(d)=3.384  max_d_mean=3.06e-03
[jlens-gpu-7  17h56m +129.97s]   prompt 453/500  seq_len=128 n_valid=111  130s  max||J||/sqrt(d)=7.625  max_d_mean=7.50e-03
[jlens-gpu-4  17h56m +131.98s]   prompt 451/500  seq_len=128 n_valid=111  131s  max||J||/sqrt(d)=5.180  max_d_mean=4.66e-03
[jlens-gpu-7  17h58m +132.25s]   prompt 454/500  seq_len=128 n_valid=111  132s  max||J||/sqrt(d)=9.176  max_d_mean=9.21e-03
[jlens-gpu-4  17h59m +133.23s]   prompt 452/500  seq_len=128 n_valid=111  133s  max||J||/sqrt(d)=2.469  max_d_mean=2.92e-03
[jlens-gpu-7  18h01m +132.37s]   prompt 455/500  seq_len=128 n_valid=111  132s  max||J||/sqrt(d)=5.771  max_d_mean=5.43e-03
[jlens-gpu-4  18h01m +132.44s]   prompt 453/500  seq_len=128 n_valid=111  132s  max||J||/sqrt(d)=3.256  max_d_mean=3.16e-03
[jlens-gpu-7  18h03m +131.14s]   prompt 456/500  seq_len=128 n_valid=111  131s  max||J||/sqrt(d)=5.262  max_d_mean=4.94e-03
[jlens-gpu-4  18h03m +135.07s]   prompt 454/500  seq_len=128 n_valid=111  135s  max||J||/sqrt(d)=4.780  max_d_mean=4.48e-03
[jlens-gpu-7  18h05m +134.16s]   prompt 457/500  seq_len=128 n_valid=111  134s  max||J||/sqrt(d)=5.913  max_d_mean=5.41e-03
[jlens-gpu-4  18h05m +131.48s]   prompt 455/500  seq_len=128 n_valid=111  131s  max||J||/sqrt(d)=3.700  max_d_mean=3.87e-03
[jlens-gpu-7  18h07m +140.50s]   prompt 458/500  seq_len=128 n_valid=111  141s  max||J||/sqrt(d)=4.921  max_d_mean=4.48e-03
[jlens-gpu-4  18h08m +140.97s]   prompt 456/500  seq_len=128 n_valid=111  141s  max||J||/sqrt(d)=6.088  max_d_mean=6.00e-03
[jlens-gpu-7  18h09m +128.52s]   prompt 459/500  seq_len=128 n_valid=111  129s  max||J||/sqrt(d)=5.399  max_d_mean=5.11e-03
[jlens-gpu-4  18h10m +127.81s]   prompt 457/500  seq_len=128 n_valid=111  128s  max||J||/sqrt(d)=3.010  max_d_mean=2.89e-03
[jlens-gpu-7  18h12m +132.15s]   prompt 460/500  seq_len=128 n_valid=111  132s  max||J||/sqrt(d)=5.891  max_d_mean=5.61e-03
[jlens-gpu-4  18h12m +132.89s]   prompt 458/500  seq_len=128 n_valid=111  133s  max||J||/sqrt(d)=3.153  max_d_mean=2.85e-03
[jlens-gpu-7  18h14m +135.04s]   prompt 461/500  seq_len=128 n_valid=111  134s  max||J||/sqrt(d)=10.752  max_d_mean=1.06e-02
[jlens-gpu-4  18h14m +134.45s]   prompt 459/500  seq_len=128 n_valid=111  134s  max||J||/sqrt(d)=5.551  max_d_mean=5.34e-03
[jlens-gpu-7  18h16m +142.00s]   prompt 462/500  seq_len=128 n_valid=111  142s  max||J||/sqrt(d)=3.931  max_d_mean=3.49e-03
[jlens-gpu-4  18h17m +142.96s]   prompt 460/500  seq_len=128 n_valid=111  143s  max||J||/sqrt(d)=4.501  max_d_mean=4.18e-03
[jlens-gpu-7  18h19m +142.44s]   prompt 463/500  seq_len=128 n_valid=111  142s  max||J||/sqrt(d)=6.716  max_d_mean=6.15e-03
[jlens-gpu-4  18h19m +143.12s]   prompt 461/500  seq_len=128 n_valid=111  142s  max||J||/sqrt(d)=4.358  max_d_mean=3.99e-03
[jlens-gpu-7  18h21m +124.15s]   prompt 464/500  seq_len=128 n_valid=111  124s  max||J||/sqrt(d)=4.450  max_d_mean=3.97e-03
[jlens-gpu-4  18h21m +128.98s]   prompt 462/500  seq_len=128 n_valid=111  129s  max||J||/sqrt(d)=4.859  max_d_mean=4.75e-03
[jlens-gpu-7  18h23m +140.22s]   prompt 465/500  seq_len=128 n_valid=111  140s  max||J||/sqrt(d)=4.030  max_d_mean=3.68e-03
[jlens-gpu-4  18h23m +137.63s]   prompt 463/500  seq_len=128 n_valid=111  138s  max||J||/sqrt(d)=4.109  max_d_mean=3.99e-03
[jlens-gpu-7  18h25m +132.07s]   prompt 466/500  seq_len=128 n_valid=111  132s  max||J||/sqrt(d)=4.134  max_d_mean=3.73e-03
[jlens-gpu-4  18h26m +137.56s]   prompt 464/500  seq_len=128 n_valid=111  138s  max||J||/sqrt(d)=4.122  max_d_mean=3.69e-03
[jlens-gpu-7  18h27m +129.06s]   prompt 467/500  seq_len=128 n_valid=111  129s  max||J||/sqrt(d)=5.850  max_d_mean=5.30e-03
[jlens-gpu-4  18h28m +125.82s]   prompt 465/500  seq_len=128 n_valid=111  126s  max||J||/sqrt(d)=5.038  max_d_mean=4.83e-03
[jlens-gpu-7  18h30m +137.26s]   prompt 468/500  seq_len=128 n_valid=111  137s  max||J||/sqrt(d)=4.563  max_d_mean=4.32e-03
[jlens-gpu-4  18h30m +137.23s]   prompt 466/500  seq_len=128 n_valid=111  137s  max||J||/sqrt(d)=15.918  max_d_mean=1.60e-02
[jlens-gpu-7  18h32m +137.27s]   prompt 469/500  seq_len=128 n_valid=111  137s  max||J||/sqrt(d)=5.446  max_d_mean=4.85e-03
[jlens-gpu-4  18h32m +137.23s]   prompt 467/500  seq_len=128 n_valid=111  137s  max||J||/sqrt(d)=7.173  max_d_mean=7.00e-03
[jlens-gpu-7  18h34m +133.04s]   prompt 470/500  seq_len=128 n_valid=111  133s  max||J||/sqrt(d)=6.506  max_d_mean=5.97e-03
[jlens-gpu-4  18h35m +133.58s]   prompt 468/500  seq_len=128 n_valid=111  134s  max||J||/sqrt(d)=6.115  max_d_mean=5.69e-03
[jlens-gpu-7  18h36m +130.83s]   prompt 471/500  seq_len=128 n_valid=111  130s  max||J||/sqrt(d)=4.670  max_d_mean=4.27e-03
[jlens-gpu-4  18h37m +130.91s]   prompt 469/500  seq_len=128 n_valid=111  131s  max||J||/sqrt(d)=5.478  max_d_mean=5.18e-03
[jlens-gpu-7  18h38m +123.67s]   prompt 472/500  seq_len=128 n_valid=111  124s  max||J||/sqrt(d)=4.117  max_d_mean=3.68e-03
[jlens-gpu-4  18h39m +124.38s]   prompt 470/500  seq_len=128 n_valid=111  124s  max||J||/sqrt(d)=4.430  max_d_mean=4.29e-03
[jlens-gpu-7  18h41m +124.05s]   prompt 473/500  seq_len=128 n_valid=111  124s  max||J||/sqrt(d)=6.530  max_d_mean=6.25e-03
[jlens-gpu-4  18h41m +125.55s]   prompt 471/500  seq_len=128 n_valid=111  125s  max||J||/sqrt(d)=12.318  max_d_mean=1.22e-02
[jlens-gpu-7  18h43m +126.70s]   prompt 474/500  seq_len=128 n_valid=111  127s  max||J||/sqrt(d)=4.527  max_d_mean=3.91e-03
[jlens-gpu-4  18h43m +128.52s]   prompt 472/500  seq_len=128 n_valid=111  129s  max||J||/sqrt(d)=8.293  max_d_mean=7.95e-03
[jlens-gpu-7  18h45m +124.99s]   prompt 475/500  seq_len=128 n_valid=111  125s  max||J||/sqrt(d)=4.774  max_d_mean=4.15e-03
[jlens-gpu-4  18h45m +128.13s]   prompt 473/500  seq_len=128 n_valid=111  128s  max||J||/sqrt(d)=4.066  max_d_mean=3.81e-03
[jlens-gpu-7  18h47m +133.84s]   prompt 476/500  seq_len=128 n_valid=111  134s  max||J||/sqrt(d)=3.485  max_d_mean=2.89e-03
[jlens-gpu-4  18h47m +130.51s]   prompt 474/500  seq_len=128 n_valid=111  131s  max||J||/sqrt(d)=11.406  max_d_mean=1.10e-02
[jlens-gpu-7  18h49m +128.77s]   prompt 477/500  seq_len=128 n_valid=111  129s  max||J||/sqrt(d)=6.756  max_d_mean=6.17e-03
[jlens-gpu-4  18h50m +128.98s]   prompt 475/500  seq_len=128 n_valid=111  129s  max||J||/sqrt(d)=6.381  max_d_mean=5.99e-03
[jlens-gpu-7  18h51m +133.21s]   prompt 478/500  seq_len=128 n_valid=111  133s  max||J||/sqrt(d)=6.871  max_d_mean=6.10e-03
[jlens-gpu-4  18h52m +133.52s]   prompt 476/500  seq_len=128 n_valid=111  134s  max||J||/sqrt(d)=6.233  max_d_mean=5.90e-03
[jlens-gpu-7  18h53m +126.21s]   prompt 479/500  seq_len=128 n_valid=111  126s  max||J||/sqrt(d)=4.911  max_d_mean=4.53e-03
[jlens-gpu-4  18h54m +129.96s]   prompt 477/500  seq_len=128 n_valid=111  130s  max||J||/sqrt(d)=6.004  max_d_mean=5.53e-03
[jlens-gpu-7  18h56m +130.63s]   prompt 480/500  seq_len=128 n_valid=111  131s  max||J||/sqrt(d)=5.374  max_d_mean=4.74e-03
[jlens-gpu-4  18h56m +132.60s]   prompt 478/500  seq_len=128 n_valid=111  133s  max||J||/sqrt(d)=4.086  max_d_mean=3.89e-03
[jlens-gpu-7  18h58m +135.79s]   prompt 481/500  seq_len=128 n_valid=111  135s  max||J||/sqrt(d)=5.951  max_d_mean=5.39e-03
[jlens-gpu-4  18h58m +131.23s]   prompt 479/500  seq_len=128 n_valid=111  131s  max||J||/sqrt(d)=6.936  max_d_mean=6.39e-03
[jlens-gpu-7  19h00m +123.89s]   prompt 482/500  seq_len=128 n_valid=111  124s  max||J||/sqrt(d)=5.244  max_d_mean=4.73e-03
[jlens-gpu-4  19h01m +125.37s]   prompt 480/500  seq_len=128 n_valid=111  125s  max||J||/sqrt(d)=3.788  max_d_mean=3.26e-03
[jlens-gpu-7  19h02m +131.17s]   prompt 483/500  seq_len=128 n_valid=111  131s  max||J||/sqrt(d)=6.564  max_d_mean=6.04e-03
[jlens-gpu-4  19h03m +133.98s]   prompt 481/500  seq_len=128 n_valid=111  133s  max||J||/sqrt(d)=5.160  max_d_mean=4.55e-03
[jlens-gpu-7  19h04m +124.61s]   prompt 484/500  seq_len=128 n_valid=111  125s  max||J||/sqrt(d)=14.036  max_d_mean=1.32e-02
[jlens-gpu-4  19h05m +125.02s]   prompt 482/500  seq_len=128 n_valid=111  125s  max||J||/sqrt(d)=5.140  max_d_mean=4.64e-03
[jlens-gpu-7  19h06m +128.35s]   prompt 485/500  seq_len=128 n_valid=111  128s  max||J||/sqrt(d)=6.775  max_d_mean=6.25e-03
[jlens-gpu-4  19h07m +131.63s]   prompt 483/500  seq_len=128 n_valid=111  132s  max||J||/sqrt(d)=8.092  max_d_mean=7.50e-03
[jlens-gpu-7  19h08m +129.33s]   prompt 486/500  seq_len=128 n_valid=111  129s  max||J||/sqrt(d)=8.101  max_d_mean=7.56e-03
[jlens-gpu-4  19h09m +127.39s]   prompt 484/500  seq_len=128 n_valid=111  127s  max||J||/sqrt(d)=4.224  max_d_mean=3.61e-03
[jlens-gpu-7  19h11m +124.72s]   prompt 487/500  seq_len=123 n_valid=106  125s  max||J||/sqrt(d)=3.805  max_d_mean=3.45e-03
[jlens-gpu-4  19h11m +126.49s]   prompt 485/500  seq_len=128 n_valid=111  126s  max||J||/sqrt(d)=4.217  max_d_mean=4.00e-03
[jlens-gpu-7  19h13m +125.49s]   prompt 488/500  seq_len=128 n_valid=111  125s  max||J||/sqrt(d)=6.175  max_d_mean=5.84e-03
[jlens-gpu-4  19h13m +126.49s]   prompt 486/500  seq_len=128 n_valid=111  126s  max||J||/sqrt(d)=6.668  max_d_mean=6.13e-03
[jlens-gpu-7  19h15m +134.22s]   prompt 489/500  seq_len=128 n_valid=111  134s  max||J||/sqrt(d)=4.375  max_d_mean=3.77e-03
[jlens-gpu-4  19h16m +134.56s]   prompt 487/500  seq_len=128 n_valid=111  135s  max||J||/sqrt(d)=4.884  max_d_mean=4.47e-03
[jlens-gpu-7  19h17m +123.80s]   prompt 490/500  seq_len=128 n_valid=111  124s  max||J||/sqrt(d)=7.547  max_d_mean=6.90e-03
[jlens-gpu-4  19h18m +124.55s]   prompt 488/500  seq_len=128 n_valid=111  125s  max||J||/sqrt(d)=4.859  max_d_mean=4.27e-03
[jlens-gpu-7  19h19m +126.74s]   prompt 491/500  seq_len=128 n_valid=111  126s  max||J||/sqrt(d)=4.843  max_d_mean=4.44e-03
[jlens-gpu-4  19h20m +125.78s]   prompt 489/500  seq_len=123 n_valid=106  126s  max||J||/sqrt(d)=43.194  max_d_mean=4.16e-02
[jlens-gpu-7  19h21m +132.62s]   prompt 492/500  seq_len=128 n_valid=111  133s  max||J||/sqrt(d)=4.712  max_d_mean=4.31e-03
[jlens-gpu-4  19h22m +137.97s]   prompt 490/500  seq_len=128 n_valid=111  138s  max||J||/sqrt(d)=3.649  max_d_mean=3.11e-03
[jlens-gpu-7  19h23m +128.90s]   prompt 493/500  seq_len=128 n_valid=111  129s  max||J||/sqrt(d)=3.602  max_d_mean=3.14e-03
[jlens-gpu-4  19h24m +128.94s]   prompt 491/500  seq_len=128 n_valid=111  128s  max||J||/sqrt(d)=5.056  max_d_mean=4.29e-03
[jlens-gpu-7  19h26m +130.52s]   prompt 494/500  seq_len=128 n_valid=111  131s  max||J||/sqrt(d)=6.069  max_d_mean=5.36e-03
[jlens-gpu-4  19h26m +128.08s]   prompt 492/500  seq_len=124 n_valid=107  128s  max||J||/sqrt(d)=4.439  max_d_mean=3.67e-03
[jlens-gpu-7  19h28m +125.84s]   prompt 495/500  seq_len=128 n_valid=111  126s  max||J||/sqrt(d)=6.445  max_d_mean=5.75e-03
[jlens-gpu-4  19h28m +126.53s]   prompt 493/500  seq_len=128 n_valid=111  127s  max||J||/sqrt(d)=3.950  max_d_mean=3.15e-03
[jlens-gpu-7  19h30m +124.31s]   prompt 496/500  seq_len=127 n_valid=110  124s  max||J||/sqrt(d)=3.707  max_d_mean=3.18e-03
[jlens-gpu-4  19h31m +126.26s]   prompt 494/500  seq_len=128 n_valid=111  126s  max||J||/sqrt(d)=4.321  max_d_mean=3.29e-03
[jlens-gpu-7  19h32m +125.72s]   prompt 497/500  seq_len=128 n_valid=111  126s  max||J||/sqrt(d)=4.152  max_d_mean=3.47e-03
[jlens-gpu-4  19h33m +132.17s]   prompt 495/500  seq_len=128 n_valid=111  132s  max||J||/sqrt(d)=4.591  max_d_mean=3.77e-03
[jlens-gpu-7  19h34m +136.72s]   prompt 498/500  seq_len=128 n_valid=111  137s  max||J||/sqrt(d)=4.438  max_d_mean=3.57e-03
[jlens-gpu-4  19h35m +131.46s]   prompt 496/500  seq_len=128 n_valid=111  131s  max||J||/sqrt(d)=3.657  max_d_mean=3.15e-03
[jlens-gpu-7  19h36m +125.98s]   prompt 499/500  seq_len=110 n_valid=93  126s  max||J||/sqrt(d)=3.924  max_d_mean=3.29e-03
[jlens-gpu-4  19h37m +129.78s]   prompt 497/500  seq_len=128 n_valid=111  130s  max||J||/sqrt(d)=6.126  max_d_mean=5.19e-03
[jlens-gpu-7  19h38m +130.26s]   prompt 500/500  seq_len=128 n_valid=111  130s  max||J||/sqrt(d)=5.464  max_d_mean=4.62e-03
[jlens-gpu-7  19h38m +  1.91s] fit: done, 500 prompts
[worker 2/2, physical GPU 7] finished: JacobianLens(d_model=2560, n_prompts=500, source_layers=[0..30] (31 layers))
[worker 2/2, physical GPU 7] saved partial lens: /bigdata/siyan/jacobian-lens/outputs/qwen35_4b_jacobian_lens.part02-of-02.prompts0500-1000.gpu7.pt
[jlens-gpu-4  19h39m +125.37s]   prompt 498/500  seq_len=128 n_valid=111  125s  max||J||/sqrt(d)=5.827  max_d_mean=5.13e-03
[jlens-gpu-4  19h41m +109.67s]   prompt 499/500  seq_len=128 n_valid=111  110s  max||J||/sqrt(d)=4.444  max_d_mean=3.58e-03
[jlens-gpu-4  19h43m +107.19s]   prompt 500/500  seq_len=128 n_valid=111  107s  max||J||/sqrt(d)=4.859  max_d_mean=4.05e-03
[jlens-gpu-4  19h43m +  1.51s] fit: done, 500 prompts
[worker 1/2, physical GPU 4] finished: JacobianLens(d_model=2560, n_prompts=500, source_layers=[0..30] (31 layers))
[worker 1/2, physical GPU 4] saved partial lens: /bigdata/siyan/jacobian-lens/outputs/qwen35_4b_jacobian_lens.part01-of-02.prompts0000-0500.gpu4.pt
Merged 2 partial lenses: JacobianLens(d_model=2560, n_prompts=1000, source_layers=[0..30] (31 layers))
Saved final lens: /bigdata/siyan/jacobian-lens/outputs/qwen35_4b_jacobian_lens.pt
